"Spectra International Data File"
"[Scan Data (Pressures in mbar)]"
"Time"	"Mass 2"	"Mass 8"	"Mass 4"	"Mass 12"	"Mass 40"	"Mass 43"	"CirrusPressure"	
"26.06.2024 14:13:51.555"	1.0046e-010	-8.6811e-014	7.4184e-012	7.0295e-014	4.3414e-011	-8.1355e-014	8.2158e-006	
"26.06.2024 14:13:51.838"	1.0140e-010	-8.7008e-014	7.3796e-012	7.0134e-014	4.3730e-011	-8.1122e-014	8.2158e-006	
"26.06.2024 14:13:52.121"	1.0221e-010	-8.6525e-014	7.2954e-012	7.1685e-014	4.4556e-011	-8.5240e-014	8.2158e-006	
"26.06.2024 14:13:52.405"	1.0036e-010	-8.7585e-014	7.4189e-012	7.1805e-014	4.3424e-011	-8.8900e-014	8.2214e-006	
"26.06.2024 14:13:52.688"	1.0136e-010	-8.7160e-014	7.4128e-012	7.4784e-014	4.3690e-011	-8.1141e-014	8.2214e-006	
"26.06.2024 14:13:52.972"	1.0217e-010	-8.8089e-014	7.2990e-012	7.0720e-014	4.4557e-011	-8.2567e-014	8.2214e-006	
"26.06.2024 14:13:53.255"	1.0033e-010	-8.7202e-014	7.4230e-012	7.1251e-014	4.3485e-011	-8.0133e-014	8.2214e-006	
"26.06.2024 14:13:53.538"	1.0134e-010	-9.0137e-014	7.4485e-012	7.2198e-014	4.3614e-011	-8.0618e-014	8.2188e-006	
"26.06.2024 14:13:53.822"	1.0212e-010	-8.7544e-014	7.2699e-012	7.3808e-014	4.4536e-011	-8.2777e-014	8.2188e-006	
"26.06.2024 14:13:54.105"	1.0026e-010	-8.7985e-014	7.3964e-012	7.0994e-014	4.3687e-011	-8.1525e-014	8.2188e-006	
"26.06.2024 14:13:54.389"	1.0127e-010	-8.8178e-014	7.4663e-012	7.0348e-014	4.3557e-011	-8.3064e-014	8.2188e-006	
"26.06.2024 14:13:54.672"	1.0211e-010	-8.5505e-014	7.2627e-012	7.1274e-014	4.4371e-011	-7.8882e-014	8.2220e-006	
"26.06.2024 14:13:54.956"	1.0030e-010	-8.7193e-014	7.4209e-012	7.3832e-014	4.3590e-011	-8.1554e-014	8.2220e-006	
"26.06.2024 14:13:55.241"	1.0132e-010	-8.6246e-014	7.4684e-012	7.0126e-014	4.3603e-011	-8.4018e-014	8.2220e-006	
"26.06.2024 14:13:55.525"	1.0208e-010	-8.4143e-014	7.2714e-012	7.1613e-014	4.4438e-011	-8.0492e-014	8.2207e-006	
"26.06.2024 14:13:55.808"	1.0031e-010	-8.6034e-014	7.4352e-012	7.0968e-014	4.3144e-011	-7.4919e-014	8.2207e-006	
"26.06.2024 14:13:56.092"	1.1220e-010	-9.1664e-014	8.2463e-012	6.8388e-014	1.7070e-011	4.3063e-014	8.2207e-006	
"26.06.2024 14:13:56.375"	1.2362e-010	-8.5301e-014	8.8273e-012	8.9480e-014	7.2255e-012	6.8523e-014	8.2207e-006	
"26.06.2024 14:13:56.659"	1.2508e-010	-8.6997e-014	9.6998e-012	8.4291e-014	4.7367e-012	7.7072e-014	8.4065e-006	
"26.06.2024 14:13:56.944"	1.3028e-010	-8.8635e-014	1.0246e-011	8.4460e-014	3.9050e-012	7.7677e-014	8.4065e-006	
"26.06.2024 14:13:57.227"	1.3451e-010	-8.4632e-014	1.0396e-011	8.1199e-014	3.5030e-012	7.7160e-014	8.4065e-006	
"26.06.2024 14:13:57.510"	1.3290e-010	-8.5504e-014	1.0902e-011	7.7695e-014	3.0027e-012	7.9644e-014	8.4065e-006	
"26.06.2024 14:13:57.794"	1.3617e-010	-8.6609e-014	1.1100e-011	7.7589e-014	2.7455e-012	7.3534e-014	9.2418e-006	
"26.06.2024 14:13:58.077"	1.3797e-010	-8.7201e-014	1.0860e-011	7.8150e-014	2.5669e-012	7.8880e-014	9.2418e-006	
"26.06.2024 14:13:58.361"	1.3457e-010	-8.3762e-014	1.1146e-011	7.5176e-014	2.2860e-012	7.7303e-014	9.2418e-006	
"26.06.2024 14:13:58.644"	1.3691e-010	-8.6184e-014	1.1205e-011	7.9291e-014	2.1392e-012	7.8832e-014	9.2418e-006	
"26.06.2024 14:13:58.927"	1.3859e-010	-8.4794e-014	1.0884e-011	7.6999e-014	2.0429e-012	7.3302e-014	9.6769e-006	
"26.06.2024 14:13:59.211"	1.3479e-010	-8.4065e-014	1.1175e-011	7.5662e-014	1.8643e-012	7.8341e-014	9.6769e-006	
"26.06.2024 14:13:59.494"	1.3727e-010	-8.6556e-014	1.1283e-011	7.6923e-014	1.7692e-012	8.0067e-014	9.6769e-006	
"26.06.2024 14:13:59.778"	1.3864e-010	-8.6354e-014	1.0838e-011	7.7368e-014	1.7092e-012	7.9885e-014	9.6769e-006	
"26.06.2024 14:14:00.062"	1.3488e-010	-8.6611e-014	1.1139e-011	7.7052e-014	1.5860e-012	7.6873e-014	9.7537e-006	
"26.06.2024 14:14:00.345"	1.3715e-010	-8.6643e-014	1.1404e-011	7.6905e-014	1.5060e-012	7.9856e-014	9.7537e-006	
"26.06.2024 14:14:00.629"	1.3868e-010	-8.5597e-014	1.0897e-011	7.7489e-014	1.4789e-012	8.0087e-014	9.7537e-006	
"26.06.2024 14:14:00.912"	1.3536e-010	-8.5027e-014	1.1109e-011	7.5462e-014	1.3917e-012	7.5202e-014	9.7537e-006	
"26.06.2024 14:14:01.196"	1.3705e-010	-8.6748e-014	1.1347e-011	7.6349e-014	1.3193e-012	7.5808e-014	9.8096e-006	
"26.06.2024 14:14:01.479"	1.3886e-010	-8.6258e-014	1.0853e-011	7.6625e-014	1.3182e-012	7.7325e-014	9.8096e-006	
"26.06.2024 14:14:01.762"	1.3597e-010	-8.5660e-014	1.1112e-011	7.5592e-014	1.2508e-012	7.6058e-014	9.8096e-006	
"26.06.2024 14:14:02.046"	1.3708e-010	-8.8262e-014	1.1351e-011	7.3531e-014	1.1854e-012	7.5332e-014	9.8555e-006	
"26.06.2024 14:14:02.329"	1.3869e-010	-8.6914e-014	1.0806e-011	7.7378e-014	1.1889e-012	7.6663e-014	9.8555e-006	
"26.06.2024 14:14:02.613"	1.3643e-010	-8.6652e-014	1.1192e-011	7.5007e-014	1.1462e-012	7.4788e-014	9.8555e-006	
"26.06.2024 14:14:02.896"	1.3701e-010	-8.6822e-014	1.1376e-011	7.3998e-014	1.0911e-012	7.6616e-014	9.8555e-006	
"26.06.2024 14:14:03.179"	1.3861e-010	-8.2130e-014	1.0739e-011	7.6273e-014	1.0954e-012	7.8198e-014	9.8923e-006	
"26.06.2024 14:14:03.463"	1.3716e-010	-8.6721e-014	1.1108e-011	7.5262e-014	1.0744e-012	7.4494e-014	9.8923e-006	
"26.06.2024 14:14:03.746"	1.3703e-010	-8.6266e-014	1.1314e-011	7.5270e-014	1.0090e-012	7.6759e-014	9.8923e-006	
"26.06.2024 14:14:04.030"	1.3842e-010	-8.8423e-014	1.0770e-011	7.8076e-014	1.0144e-012	7.5831e-014	9.8923e-006	
"26.06.2024 14:14:04.314"	1.3781e-010	-9.1734e-014	1.1122e-011	7.6193e-014	1.0145e-012	7.4479e-014	9.9126e-006	
"26.06.2024 14:14:04.597"	1.3711e-010	-8.8139e-014	1.1339e-011	7.3903e-014	9.4718e-013	7.9048e-014	9.9126e-006	
"26.06.2024 14:14:04.880"	1.3861e-010	-8.6334e-014	1.0817e-011	7.6968e-014	9.6255e-013	7.5738e-014	9.9126e-006	
"26.06.2024 14:14:05.164"	1.3809e-010	-8.5725e-014	1.1042e-011	7.7058e-014	9.6051e-013	7.3141e-014	9.9126e-006	
"26.06.2024 14:14:05.447"	1.3668e-010	-8.4994e-014	1.1292e-011	7.4256e-014	9.0286e-013	7.6954e-014	9.9452e-006	
"26.06.2024 14:14:05.731"	1.3855e-010	-8.4431e-014	1.0802e-011	7.7774e-014	9.1746e-013	7.6365e-014	9.9452e-006	
"26.06.2024 14:14:06.014"	1.3862e-010	-8.2810e-014	1.1069e-011	7.7128e-014	9.1859e-013	7.7277e-014	9.9452e-006	
"26.06.2024 14:14:06.297"	1.3652e-010	-8.4656e-014	1.1300e-011	7.6237e-014	8.5108e-013	7.6456e-014	9.9452e-006	
"26.06.2024 14:14:06.581"	1.3815e-010	-8.7282e-014	1.0774e-011	7.8047e-014	8.7253e-013	7.2612e-014	9.9690e-006	
"26.06.2024 14:14:06.864"	1.3930e-010	-8.4619e-014	1.1083e-011	7.6635e-014	8.8348e-013	7.4726e-014	9.9690e-006	
"26.06.2024 14:14:07.148"	1.3673e-010	-8.7781e-014	1.1341e-011	7.3113e-014	8.3045e-013	7.5252e-014	9.9690e-006	
"26.06.2024 14:14:07.431"	1.3843e-010	-8.9245e-014	1.0852e-011	7.8782e-014	8.4295e-013	7.5434e-014	9.9690e-006	
"26.06.2024 14:14:07.714"	1.3939e-010	-8.4221e-014	1.1020e-011	7.5291e-014	8.6128e-013	7.2911e-014	9.9752e-006	
"26.06.2024 14:14:07.998"	1.3647e-010	-8.9846e-014	1.1303e-011	7.5405e-014	8.0241e-013	7.6984e-014	9.9752e-006	
"26.06.2024 14:14:08.281"	1.3849e-010	-8.7911e-014	1.0905e-011	7.6802e-014	8.1928e-013	7.3647e-014	9.9752e-006	
"26.06.2024 14:14:08.565"	1.3959e-010	-8.4169e-014	1.1031e-011	7.6077e-014	8.2606e-013	7.5439e-014	9.9752e-006	
"26.06.2024 14:14:08.849"	1.3627e-010	-8.6906e-014	1.1271e-011	7.4355e-014	7.7468e-013	7.0637e-014	9.9894e-006	
"26.06.2024 14:14:09.132"	1.3822e-010	-8.6811e-014	1.0903e-011	7.7359e-014	7.8439e-013	7.4185e-014	9.9894e-006	
"26.06.2024 14:14:09.415"	1.3976e-010	-8.5204e-014	1.1044e-011	7.7144e-014	8.0620e-013	7.4093e-014	9.9894e-006	
"26.06.2024 14:14:09.699"	1.3616e-010	-8.5098e-014	1.1209e-011	7.5323e-014	7.4927e-013	7.1078e-014	9.9958e-006	
"26.06.2024 14:14:09.983"	1.3837e-010	-8.6348e-014	1.0887e-011	7.8447e-014	7.7766e-013	7.2461e-014	9.9958e-006	
"26.06.2024 14:14:10.268"	1.3971e-010	-8.5660e-014	1.1047e-011	7.3978e-014	7.8815e-013	7.7493e-014	9.9958e-006	
"26.06.2024 14:14:10.552"	1.3620e-010	-8.5799e-014	1.1228e-011	7.4555e-014	7.3996e-013	7.4313e-014	9.9958e-006	
"26.06.2024 14:14:10.835"	1.3807e-010	-8.4000e-014	1.0973e-011	7.9613e-014	7.5344e-013	7.5521e-014	1.0006e-005	
"26.06.2024 14:14:11.119"	1.3973e-010	-8.6358e-014	1.1042e-011	7.5969e-014	7.7008e-013	7.2226e-014	1.0006e-005	
"26.06.2024 14:14:11.402"	1.3651e-010	-8.4291e-014	1.1310e-011	7.3179e-014	7.2027e-013	7.2516e-014	1.0006e-005	
"26.06.2024 14:14:11.686"	1.3821e-010	-8.7814e-014	1.0901e-011	7.8954e-014	7.2980e-013	7.3482e-014	1.0006e-005	
"26.06.2024 14:14:11.970"	1.3967e-010	-8.7307e-014	1.1042e-011	7.6695e-014	7.5300e-013	7.5113e-014	1.0014e-005	
"26.06.2024 14:14:12.254"	1.3623e-010	-8.4673e-014	1.1273e-011	7.5027e-014	7.1353e-013	7.3489e-014	1.0014e-005	
"26.06.2024 14:14:12.537"	1.3816e-010	-8.6965e-014	1.0992e-011	7.7474e-014	7.2382e-013	7.4062e-014	1.0014e-005	
"26.06.2024 14:14:12.821"	1.3939e-010	-8.5398e-014	1.0964e-011	7.6019e-014	7.4005e-013	7.0246e-014	1.0014e-005	
"26.06.2024 14:14:13.104"	1.3605e-010	-8.8386e-014	1.1232e-011	7.5637e-014	7.0132e-013	7.3482e-014	1.0029e-005	
"26.06.2024 14:14:13.388"	1.3820e-010	-8.7727e-014	1.1030e-011	7.8379e-014	7.0433e-013	7.2849e-014	1.0029e-005	
"26.06.2024 14:14:13.672"	1.3970e-010	-8.7631e-014	1.0949e-011	7.6247e-014	7.1175e-013	6.9509e-014	1.0029e-005	
"26.06.2024 14:14:13.955"	1.3585e-010	-8.4898e-014	1.1229e-011	7.4593e-014	6.7623e-013	7.5298e-014	1.0029e-005	
"26.06.2024 14:14:14.238"	1.3799e-010	-8.6811e-014	1.1089e-011	7.9807e-014	6.9096e-013	7.3057e-014	1.0025e-005	
"26.06.2024 14:14:14.522"	1.3966e-010	-9.3254e-014	1.1025e-011	7.6276e-014	7.1012e-013	7.1782e-014	1.0025e-005	
"26.06.2024 14:14:14.806"	1.3580e-010	-8.8823e-014	1.1194e-011	7.5660e-014	6.6072e-013	7.1619e-014	1.0025e-005	
"26.06.2024 14:14:15.089"	1.3795e-010	-8.6185e-014	1.1120e-011	7.7021e-014	6.7874e-013	7.0950e-014	1.0025e-005	
"26.06.2024 14:14:15.372"	1.3944e-010	-8.6895e-014	1.1005e-011	7.5592e-014	6.9990e-013	7.3825e-014	1.0027e-005	
"26.06.2024 14:14:15.656"	1.3587e-010	-8.6627e-014	1.1251e-011	7.7116e-014	6.5702e-013	7.1550e-014	1.0027e-005	
"26.06.2024 14:14:15.939"	1.3775e-010	-8.5989e-014	1.1152e-011	7.7886e-014	6.6050e-013	7.1833e-014	1.0027e-005	
"26.06.2024 14:14:16.223"	1.3926e-010	-8.5657e-014	1.0932e-011	7.8252e-014	6.8589e-013	7.1061e-014	1.0027e-005	
"26.06.2024 14:14:16.506"	1.3566e-010	-8.6109e-014	1.1225e-011	7.4613e-014	6.5134e-013	7.3241e-014	1.0027e-005	
"26.06.2024 14:14:16.790"	1.3798e-010	-8.7222e-014	1.1232e-011	7.8187e-014	6.5551e-013	7.3710e-014	1.0027e-005	
"26.06.2024 14:14:17.073"	1.3953e-010	-8.5436e-014	1.0922e-011	7.5798e-014	6.6991e-013	7.2093e-014	1.0027e-005	
"26.06.2024 14:14:17.356"	1.3540e-010	-8.6731e-014	1.1121e-011	7.6286e-014	6.3759e-013	7.1719e-014	1.0044e-005	
"26.06.2024 14:14:17.640"	1.3771e-010	-8.4613e-014	1.1291e-011	7.8259e-014	6.4505e-013	7.3066e-014	1.0044e-005	
"26.06.2024 14:14:17.924"	1.3938e-010	-8.7994e-014	1.0938e-011	7.6870e-014	6.5464e-013	7.0966e-014	1.0044e-005	
"26.06.2024 14:14:18.207"	1.3567e-010	-8.6852e-014	1.1210e-011	7.4236e-014	6.4016e-013	6.9352e-014	1.0044e-005	
"26.06.2024 14:14:18.490"	1.3747e-010	-8.6216e-014	1.1309e-011	7.6461e-014	6.2677e-013	7.2104e-014	1.0039e-005	
"26.06.2024 14:14:18.774"	1.3922e-010	-8.7907e-014	1.0902e-011	7.7025e-014	6.4625e-013	7.3483e-014	1.0039e-005	
"26.06.2024 14:14:19.057"	1.3563e-010	-8.5649e-014	1.1185e-011	7.4132e-014	6.2724e-013	7.1991e-014	1.0039e-005	
"26.06.2024 14:14:19.341"	1.3772e-010	-8.4305e-014	1.1351e-011	7.7489e-014	6.1606e-013	7.0424e-014	1.0039e-005	
"26.06.2024 14:14:19.624"	1.3898e-010	-8.8837e-014	1.0860e-011	7.7366e-014	6.3422e-013	6.9640e-014	1.0046e-005	
"26.06.2024 14:14:19.908"	1.3576e-010	-8.5325e-014	1.1128e-011	7.5157e-014	6.2828e-013	7.2891e-014	1.0046e-005	
"26.06.2024 14:14:20.191"	1.3750e-010	-8.4292e-014	1.1352e-011	7.5109e-014	6.0815e-013	7.4515e-014	1.0046e-005	
"26.06.2024 14:14:20.474"	1.3916e-010	-8.8446e-014	1.0882e-011	7.6814e-014	6.2407e-013	6.9839e-014	1.0046e-005	
"26.06.2024 14:14:20.758"	1.3606e-010	-8.2558e-014	1.1163e-011	7.5256e-014	6.1961e-013	7.4941e-014	1.0044e-005	
"26.06.2024 14:14:21.041"	1.3714e-010	-8.7202e-014	1.1352e-011	7.4710e-014	6.0203e-013	7.3390e-014	1.0044e-005	
"26.06.2024 14:14:21.325"	1.3890e-010	-8.8405e-014	1.0836e-011	7.6907e-014	6.1694e-013	7.3613e-014	1.0044e-005	
"26.06.2024 14:14:21.608"	1.3660e-010	-8.4526e-014	1.1132e-011	7.5850e-014	6.1232e-013	6.9146e-014	1.0044e-005	
"26.06.2024 14:14:21.891"	1.3750e-010	-8.5325e-014	1.1376e-011	7.6002e-014	5.8582e-013	7.3037e-014	1.0057e-005	
"26.06.2024 14:14:22.175"	1.3880e-010	-8.5347e-014	1.0803e-011	7.8129e-014	6.0511e-013	7.1124e-014	1.0057e-005	
"26.06.2024 14:14:22.459"	1.3688e-010	-8.7217e-014	1.1071e-011	7.5587e-014	6.0441e-013	6.9957e-014	1.0057e-005	
"26.06.2024 14:14:22.742"	1.3732e-010	-8.6210e-014	1.1346e-011	7.5840e-014	5.8311e-013	7.1396e-014	1.0063e-005	
"26.06.2024 14:14:23.026"	1.3896e-010	-8.6158e-014	1.0818e-011	7.8091e-014	5.9433e-013	6.9432e-014	1.0063e-005	
"26.06.2024 14:14:23.309"	1.3713e-010	-8.7799e-014	1.1130e-011	7.7200e-014	5.9793e-013	6.8424e-014	1.0063e-005	
"26.06.2024 14:14:23.593"	1.3690e-010	-8.5453e-014	1.1289e-011	7.4784e-014	5.7169e-013	7.0491e-014	1.0063e-005	
"26.06.2024 14:14:23.876"	1.3872e-010	-8.7248e-014	1.0811e-011	7.7811e-014	5.8585e-013	6.8689e-014	1.0058e-005	
"26.06.2024 14:14:24.159"	1.3755e-010	-8.7679e-014	1.1118e-011	7.8105e-014	5.9055e-013	6.9902e-014	1.0058e-005	
"26.06.2024 14:14:24.443"	1.3719e-010	-8.6852e-014	1.1346e-011	7.4032e-014	5.6512e-013	7.0981e-014	1.0058e-005	
"26.06.2024 14:14:24.726"	1.3867e-010	-8.9758e-014	1.0790e-011	7.8197e-014	5.8279e-013	7.2924e-014	1.0058e-005	
"26.06.2024 14:14:25.010"	1.3747e-010	-8.4899e-014	1.1059e-011	7.5428e-014	5.7889e-013	6.9983e-014	1.0063e-005	
"26.06.2024 14:14:25.295"	1.3698e-010	-8.6716e-014	1.1328e-011	7.4537e-014	5.5475e-013	6.8738e-014	1.0063e-005	
"26.06.2024 14:14:25.578"	1.3873e-010	-8.5094e-014	1.0814e-011	7.6799e-014	5.7368e-013	7.0929e-014	1.0063e-005	
"26.06.2024 14:14:25.862"	1.3797e-010	-8.5213e-014	1.1006e-011	7.6204e-014	5.8167e-013	7.0268e-014	1.0063e-005	
"26.06.2024 14:14:26.145"	1.3686e-010	-8.6734e-014	1.1288e-011	7.4849e-014	5.4939e-013	7.1188e-014	1.0065e-005	
"26.06.2024 14:14:26.428"	1.3863e-010	-8.6303e-014	1.0796e-011	7.8622e-014	5.6080e-013	7.0394e-014	1.0065e-005	
"26.06.2024 14:14:26.713"	1.3773e-010	-8.5759e-014	1.1078e-011	7.7169e-014	5.6509e-013	7.1710e-014	1.0065e-005	
"26.06.2024 14:14:26.997"	1.3677e-010	-8.6259e-014	1.1281e-011	7.7221e-014	5.4223e-013	6.2681e-014	1.0065e-005	
"26.06.2024 14:14:27.281"	1.3847e-010	-8.3138e-014	1.0766e-011	7.7731e-014	5.5134e-013	7.0433e-014	1.0067e-005	
"26.06.2024 14:14:27.564"	1.3850e-010	-8.6365e-014	1.1074e-011	7.6728e-014	5.6221e-013	6.6712e-014	1.0067e-005	
"26.06.2024 14:14:27.848"	1.3688e-010	-8.9338e-014	1.1295e-011	7.2650e-014	5.3697e-013	6.9654e-014	1.0067e-005	
"26.06.2024 14:14:28.131"	1.3841e-010	-8.6281e-014	1.0767e-011	7.8457e-014	5.4940e-013	7.4638e-014	1.0067e-005	
"26.06.2024 14:14:28.415"	1.3869e-010	-8.8052e-014	1.1068e-011	7.6768e-014	5.6135e-013	6.8815e-014	1.0066e-005	
"26.06.2024 14:14:28.698"	1.3682e-010	-8.4319e-014	1.1313e-011	7.4710e-014	5.2794e-013	6.6204e-014	1.0066e-005	
"26.06.2024 14:14:28.981"	1.3824e-010	-8.7203e-014	1.0779e-011	7.8012e-014	5.3735e-013	7.0601e-014	1.0066e-005	
"26.06.2024 14:14:29.265"	1.3914e-010	-8.5300e-014	1.1019e-011	7.5357e-014	5.5524e-013	6.9958e-014	1.0066e-005	
"26.06.2024 14:14:29.548"	1.3664e-010	-8.8243e-014	1.1277e-011	7.5407e-014	5.1817e-013	9.2558e-014	1.0068e-005	
"26.06.2024 14:14:29.833"	1.3839e-010	-8.5088e-014	1.0833e-011	7.7618e-014	5.3142e-013	6.6647e-014	1.0068e-005	
"26.06.2024 14:14:30.116"	1.3924e-010	-8.5379e-014	1.1012e-011	7.7082e-014	5.4158e-013	6.9295e-014	1.0068e-005	
"26.06.2024 14:14:30.399"	1.3635e-010	-8.8234e-014	1.1245e-011	7.4470e-014	5.1586e-013	9.2044e-014	1.0069e-005	
"26.06.2024 14:14:30.683"	1.3840e-010	-8.6223e-014	1.0879e-011	7.7508e-014	5.2407e-013	9.3170e-014	1.0069e-005	
"26.06.2024 14:14:30.966"	1.3951e-010	-8.4880e-014	1.0999e-011	7.7261e-014	5.3694e-013	7.0321e-014	1.0069e-005	
"26.06.2024 14:14:31.250"	1.3623e-010	-8.4741e-014	1.1233e-011	7.4443e-014	5.0957e-013	9.0723e-014	1.0069e-005	
"26.06.2024 14:14:31.533"	1.3819e-010	-8.6729e-014	1.0847e-011	8.0041e-014	5.1729e-013	9.2628e-014	1.0069e-005	
"26.06.2024 14:14:31.817"	1.3962e-010	-8.5268e-014	1.0927e-011	7.7905e-014	5.2518e-013	9.3329e-014	1.0069e-005	
"26.06.2024 14:14:32.100"	1.3588e-010	-8.6912e-014	1.1191e-011	7.5330e-014	4.9681e-013	8.9636e-014	1.0069e-005	
"26.06.2024 14:14:32.384"	1.3811e-010	-8.4227e-014	1.0968e-011	7.9174e-014	5.0887e-013	9.1483e-014	1.0069e-005	
"26.06.2024 14:14:32.667"	1.3959e-010	-8.5274e-014	1.0989e-011	7.6332e-014	5.2204e-013	9.2665e-014	1.0066e-005	
"26.06.2024 14:14:32.951"	1.3558e-010	-8.7258e-014	1.1193e-011	7.3918e-014	4.9428e-013	8.9153e-014	1.0066e-005	
"26.06.2024 14:14:33.234"	1.3786e-010	-8.4291e-014	1.1043e-011	7.8042e-014	5.0116e-013	9.0679e-014	1.0066e-005	
"26.06.2024 14:14:33.517"	1.3961e-010	-8.6229e-014	1.0988e-011	7.5503e-014	5.1721e-013	9.2823e-014	1.0066e-005	
"26.06.2024 14:14:33.801"	1.3587e-010	-8.7949e-014	1.1240e-011	7.5291e-014	4.9007e-013	8.7929e-014	1.0060e-005	
"26.06.2024 14:14:34.084"	1.3762e-010	-8.6256e-014	1.1085e-011	7.7962e-014	4.8901e-013	8.9530e-014	1.0060e-005	
"26.06.2024 14:14:34.368"	1.3932e-010	-8.7420e-014	1.0892e-011	7.7215e-014	5.1545e-013	9.1511e-014	1.0060e-005	
"26.06.2024 14:14:34.651"	1.3566e-010	-8.7232e-014	1.1171e-011	7.5122e-014	4.8860e-013	8.6995e-014	1.0060e-005	
"26.06.2024 14:14:34.934"	1.3776e-010	-8.7294e-014	1.1222e-011	7.8545e-014	4.9279e-013	8.9114e-014	1.0065e-005	
"26.06.2024 14:14:35.218"	1.3916e-010	-8.5915e-014	1.0880e-011	7.6306e-014	4.9890e-013	9.0620e-014	1.0065e-005	
"26.06.2024 14:14:35.501"	1.3548e-010	-8.6729e-014	1.1166e-011	7.5311e-014	4.8507e-013	8.7434e-014	1.0065e-005	
"26.06.2024 14:14:35.785"	1.3775e-010	-8.5813e-014	1.1225e-011	7.8167e-014	4.7553e-013	8.6543e-014	1.0065e-005	
"26.06.2024 14:14:36.069"	1.3937e-010	-8.7014e-014	1.0900e-011	7.8295e-014	4.9538e-013	9.0309e-014	1.0065e-005	
"26.06.2024 14:14:36.352"	1.3530e-010	-8.6646e-014	1.1131e-011	7.5285e-014	4.7512e-013	8.5633e-014	1.0065e-005	
"26.06.2024 14:14:36.636"	1.3757e-010	-8.6148e-014	1.1234e-011	7.8750e-014	4.7613e-013	8.6002e-014	1.0065e-005	
"26.06.2024 14:14:36.919"	1.3921e-010	-8.5147e-014	1.0928e-011	7.7176e-014	4.8857e-013	8.8513e-014	1.0066e-005	
"26.06.2024 14:14:37.203"	1.3546e-010	-8.7159e-014	1.1110e-011	7.7075e-014	4.7216e-013	8.4834e-014	1.0066e-005	
"26.06.2024 14:14:37.486"	1.3739e-010	-8.6266e-014	1.1325e-011	7.6590e-014	4.7212e-013	8.6044e-014	1.0066e-005	
"26.06.2024 14:14:37.769"	1.3909e-010	-8.9435e-014	1.0894e-011	7.6993e-014	4.8254e-013	8.8040e-014	1.0066e-005	
"26.06.2024 14:14:38.053"	1.3572e-010	-8.7323e-014	1.1158e-011	7.4109e-014	4.7468e-013	8.5398e-014	1.0066e-005	
"26.06.2024 14:14:38.336"	1.3736e-010	-8.4928e-014	1.1298e-011	7.8377e-014	4.6318e-013	8.4219e-014	1.0066e-005	
"26.06.2024 14:14:38.619"	1.3904e-010	-8.7080e-014	1.0854e-011	7.5949e-014	4.7402e-013	8.6805e-014	1.0066e-005	
"26.06.2024 14:14:38.903"	1.3578e-010	-8.5688e-014	1.1125e-011	7.6588e-014	4.6793e-013	8.4014e-014	1.0066e-005	
"26.06.2024 14:14:39.186"	1.3729e-010	-8.8783e-014	1.1326e-011	7.5332e-014	4.5585e-013	8.3266e-014	1.0069e-005	
"26.06.2024 14:14:39.470"	1.3877e-010	-8.6745e-014	1.0836e-011	7.7538e-014	4.6575e-013	8.5857e-014	1.0069e-005	
"26.06.2024 14:14:39.753"	1.3598e-010	-8.5634e-014	1.1138e-011	7.7241e-014	4.6467e-013	8.2807e-014	1.0069e-005	
"26.06.2024 14:14:40.037"	1.3724e-010	-8.7619e-014	1.1326e-011	7.5500e-014	4.5156e-013	8.0758e-014	1.0069e-005	
"26.06.2024 14:14:40.322"	1.3880e-010	-8.8627e-014	1.0784e-011	7.7196e-014	4.6770e-013	8.4291e-014	1.0063e-005	
"26.06.2024 14:14:40.606"	1.3607e-010	-8.7062e-014	1.1088e-011	7.6453e-014	4.6386e-013	8.3390e-014	1.0063e-005	
"26.06.2024 14:14:40.889"	1.3744e-010	-8.7221e-014	1.1348e-011	7.5120e-014	4.5202e-013	8.1215e-014	1.0063e-005	
"26.06.2024 14:14:41.172"	1.3894e-010	-8.4847e-014	1.0795e-011	7.7439e-014	4.5894e-013	8.2629e-014	1.0063e-005	
"26.06.2024 14:14:41.456"	1.3621e-010	-8.4091e-014	1.1097e-011	7.6387e-014	4.5956e-013	8.0721e-014	1.0069e-005	
"26.06.2024 14:14:41.740"	1.3716e-010	-9.0340e-014	1.1348e-011	7.5839e-014	4.4414e-013	8.0322e-014	1.0069e-005	
"26.06.2024 14:14:42.024"	1.3893e-010	-8.4682e-014	1.0819e-011	7.9420e-014	4.5784e-013	8.2206e-014	1.0069e-005	
"26.06.2024 14:14:42.307"	1.3662e-010	-8.5600e-014	1.1052e-011	7.7266e-014	4.5745e-013	8.1332e-014	1.0069e-005	
"26.06.2024 14:14:42.590"	1.3711e-010	-8.5676e-014	1.1333e-011	7.5436e-014	4.3803e-013	7.9291e-014	1.0069e-005	
"26.06.2024 14:14:42.874"	1.3878e-010	-8.5117e-014	1.0816e-011	7.7249e-014	4.4920e-013	8.1041e-014	1.0069e-005	
"26.06.2024 14:14:43.157"	1.3694e-010	-8.6049e-014	1.1073e-011	7.7097e-014	5.0543e-013	8.8975e-014	1.0069e-005	
"26.06.2024 14:14:43.441"	1.3708e-010	-8.4236e-014	1.1313e-011	7.4739e-014	4.4523e-013	8.0200e-014	1.0069e-005	
"26.06.2024 14:14:43.724"	1.3865e-010	-8.5688e-014	1.0776e-011	7.7429e-014	4.6644e-013	8.4929e-014	1.0068e-005	
"26.06.2024 14:14:44.008"	1.3741e-010	-8.7591e-014	1.1014e-011	7.5672e-014	4.6841e-013	8.2921e-014	1.0068e-005	
"26.06.2024 14:14:44.291"	1.3631e-010	-8.8160e-014	1.1414e-011	7.5035e-014	5.3985e-012	7.5721e-014	1.0068e-005	
"26.06.2024 14:14:44.575"	1.2292e-010	-8.5328e-014	1.0690e-011	7.9686e-014	3.5424e-011	-5.7010e-014	1.0029e-005	
"26.06.2024 14:14:44.860"	1.1464e-010	-8.4781e-014	9.0838e-012	8.9455e-014	4.8349e-011	-8.5810e-014	1.0029e-005	
"26.06.2024 14:14:45.144"	1.1251e-010	-8.6868e-014	8.9707e-012	8.9380e-014	4.9767e-011	-8.6403e-014	1.0029e-005	
"26.06.2024 14:14:45.427"	1.1245e-010	-9.0285e-014	8.6208e-012	9.1289e-014	5.2259e-011	-9.1442e-014	1.0029e-005	
"26.06.2024 14:14:45.710"	1.1178e-010	-8.6186e-014	8.8600e-012	9.1870e-014	5.2055e-011	-8.6377e-014	9.8197e-006	
"26.06.2024 14:14:45.994"	1.1103e-010	-8.8932e-014	8.8748e-012	9.0408e-014	5.0074e-011	-8.8902e-014	9.8197e-006	
"26.06.2024 14:14:46.277"	1.1086e-010	-8.6891e-014	8.4218e-012	7.0222e-014	5.1340e-011	-8.5916e-014	9.8197e-006	
"26.06.2024 14:14:46.561"	1.1035e-010	-8.8348e-014	8.5208e-012	9.2262e-014	5.2173e-011	-8.6181e-014	9.8197e-006	
"26.06.2024 14:14:46.844"	1.0847e-010	-8.7228e-014	8.5188e-012	9.3420e-014	4.9712e-011	-8.7089e-014	9.6756e-006	
"26.06.2024 14:14:47.127"	1.0892e-010	-8.5217e-014	8.1770e-012	6.4674e-014	5.0295e-011	-8.8992e-014	9.6756e-006	
"26.06.2024 14:14:47.411"	1.0907e-010	-8.4736e-014	8.2607e-012	6.2042e-014	5.0910e-011	-8.7975e-014	9.6756e-006	
"26.06.2024 14:14:47.694"	1.0672e-010	-8.4685e-014	8.3265e-012	7.0093e-014	4.8516e-011	-8.5161e-014	9.6756e-006	
"26.06.2024 14:14:47.978"	1.0745e-010	-8.6402e-014	8.0750e-012	7.0198e-014	4.8981e-011	-8.4942e-014	9.4125e-006	
"26.06.2024 14:14:48.261"	1.0781e-010	-8.3523e-014	8.0638e-012	6.6124e-014	4.9543e-011	-8.7190e-014	9.4125e-006	
"26.06.2024 14:14:48.545"	1.0543e-010	-8.7874e-014	8.0950e-012	7.0733e-014	4.7426e-011	-8.6594e-014	9.4125e-006	
"26.06.2024 14:14:48.828"	1.0608e-010	-8.7334e-014	7.9837e-012	7.0020e-014	4.7779e-011	-8.8938e-014	9.4125e-006	
"26.06.2024 14:14:49.111"	1.0653e-010	-8.8792e-014	7.8597e-012	6.8799e-014	4.8234e-011	-9.3669e-014	9.1919e-006	
"26.06.2024 14:14:49.395"	1.0411e-010	-8.9199e-014	7.9138e-012	6.9835e-014	4.6291e-011	-8.9955e-014	9.1919e-006	
"26.06.2024 14:14:49.679"	1.0490e-010	-8.7522e-014	7.8582e-012	6.9820e-014	4.6427e-011	-8.8215e-014	9.1919e-006	
"26.06.2024 14:14:49.962"	1.0520e-010	-8.2740e-014	7.6765e-012	7.0783e-014	4.6736e-011	-8.8291e-014	9.1919e-006	
"26.06.2024 14:14:50.245"	1.0268e-010	-8.5739e-014	7.7240e-012	6.9521e-014	4.5127e-011	-7.9928e-014	8.9688e-006	
"26.06.2024 14:14:50.529"	1.0331e-010	-8.4474e-014	7.6923e-012	7.4079e-014	4.4686e-011	-8.1363e-014	8.9688e-006	
"26.06.2024 14:14:50.812"	1.0366e-010	-8.8205e-014	7.4485e-012	7.3631e-014	4.5186e-011	-8.1039e-014	8.9688e-006	
"26.06.2024 14:14:51.096"	1.0134e-010	-8.6129e-014	7.5209e-012	6.8497e-014	4.4078e-011	-8.0040e-014	8.7209e-006	
"26.06.2024 14:14:51.379"	1.0208e-010	-8.5990e-014	7.5934e-012	7.2606e-014	4.3630e-011	-7.7571e-014	8.7209e-006	
"26.06.2024 14:14:51.663"	1.0270e-010	-8.6720e-014	7.3444e-012	7.3203e-014	4.4335e-011	-8.3026e-014	8.7209e-006	
"26.06.2024 14:14:51.946"	1.0092e-010	-8.4968e-014	7.4536e-012	7.1679e-014	4.3754e-011	-7.9590e-014	8.7209e-006	
"26.06.2024 14:14:52.229"	1.0159e-010	-8.8595e-014	7.5357e-012	7.1649e-014	4.3286e-011	-8.2189e-014	8.5447e-006	
"26.06.2024 14:14:52.513"	1.0242e-010	-8.5176e-014	7.2730e-012	7.2375e-014	4.4090e-011	-7.8612e-014	8.5447e-006	
"26.06.2024 14:14:52.796"	1.0104e-010	-8.7698e-014	7.3908e-012	7.2501e-014	4.3978e-011	-8.0907e-014	8.5447e-006	
"26.06.2024 14:14:53.080"	1.0139e-010	-8.7667e-014	7.5061e-012	7.1667e-014	4.3110e-011	-7.7750e-014	8.5447e-006	
"26.06.2024 14:14:53.363"	1.0227e-010	-9.0748e-014	7.2806e-012	7.1452e-014	4.3963e-011	-8.2037e-014	8.4621e-006	
"26.06.2024 14:14:53.646"	1.0124e-010	-8.4014e-014	7.3882e-012	7.1655e-014	4.4147e-011	-8.0338e-014	8.4621e-006	
"26.06.2024 14:14:53.930"	1.0134e-010	-8.7737e-014	7.4949e-012	6.9442e-014	4.3110e-011	-8.0018e-014	8.4621e-006	
"26.06.2024 14:14:54.214"	1.0218e-010	-8.4497e-014	7.2469e-012	7.3899e-014	4.3980e-011	-8.3502e-014	8.4621e-006	
"26.06.2024 14:14:54.497"	1.0155e-010	-8.3082e-014	7.3943e-012	7.2544e-014	4.4328e-011	-7.9749e-014	8.4238e-006	
"26.06.2024 14:14:54.781"	1.0113e-010	-8.6254e-014	7.5112e-012	6.8470e-014	4.3104e-011	-7.9382e-014	8.4238e-006	
"26.06.2024 14:14:55.065"	1.0206e-010	-8.8348e-014	7.2469e-012	7.1644e-014	4.3935e-011	-8.2525e-014	8.4238e-006	
"26.06.2024 14:14:55.349"	1.0153e-010	-8.4598e-014	7.3495e-012	7.1376e-014	4.4392e-011	-8.3355e-014	8.4238e-006	
"26.06.2024 14:14:55.633"	1.0108e-010	-8.4381e-014	7.4755e-012	7.1504e-014	4.3104e-011	-7.6507e-014	8.3912e-006	
"26.06.2024 14:14:55.916"	1.0199e-010	-8.4071e-014	7.2944e-012	7.2991e-014	4.3818e-011	-8.2906e-014	8.3912e-006	
"26.06.2024 14:14:56.200"	1.0182e-010	-8.7851e-014	7.3643e-012	7.1775e-014	4.4488e-011	-8.3287e-014	8.3912e-006	
"26.06.2024 14:14:56.483"	1.0102e-010	-8.7690e-014	7.4699e-012	7.1521e-014	4.3127e-011	-8.0495e-014	8.3912e-006	
"26.06.2024 14:14:56.767"	1.0190e-010	-8.9155e-014	7.2515e-012	6.8085e-014	4.3818e-011	-8.0848e-014	8.3713e-006	
"26.06.2024 14:14:57.051"	1.0206e-010	-8.4488e-014	7.3521e-012	6.9351e-014	4.4593e-011	-8.1189e-014	8.3713e-006	
"26.06.2024 14:14:57.334"	1.0086e-010	-8.8924e-014	7.4694e-012	7.2831e-014	4.3098e-011	-8.0660e-014	8.3713e-006	
"26.06.2024 14:14:57.618"	1.0182e-010	-9.1882e-014	7.2439e-012	7.2659e-014	4.3840e-011	-8.3529e-014	8.3713e-006	
"26.06.2024 14:14:57.901"	1.0234e-010	-8.6403e-014	7.3270e-012	7.1836e-014	4.4650e-011	-8.1168e-014	8.3539e-006	
"26.06.2024 14:14:58.185"	1.0083e-010	-8.3609e-014	7.4688e-012	7.1510e-014	4.3064e-011	-7.8127e-014	8.3539e-006	
"26.06.2024 14:14:58.468"	1.0182e-010	-8.7282e-014	7.2801e-012	7.2157e-014	4.3745e-011	-8.0633e-014	8.3539e-006	
"26.06.2024 14:14:58.752"	1.0240e-010	-8.5618e-014	7.3153e-012	7.3033e-014	4.4626e-011	-8.2191e-014	8.3473e-006	
"26.06.2024 14:14:59.035"	1.0076e-010	-8.5198e-014	7.4490e-012	7.0835e-014	4.3166e-011	-7.9066e-014	8.3473e-006	
"26.06.2024 14:14:59.319"	1.0166e-010	-8.5272e-014	7.2826e-012	7.0557e-014	4.3611e-011	-8.2641e-014	8.3473e-006	
"26.06.2024 14:14:59.602"	1.0237e-010	-8.6677e-014	7.3321e-012	6.2849e-014	4.4635e-011	-8.1631e-014	8.3473e-006	
"26.06.2024 14:14:59.887"	1.0074e-010	-8.8533e-014	7.4582e-012	7.2906e-014	4.3060e-011	-7.9210e-014	8.3212e-006	
"26.06.2024 14:15:00.171"	1.0162e-010	-8.4018e-014	7.3087e-012	7.3892e-014	4.3717e-011	-8.3320e-014	8.3212e-006	
"26.06.2024 14:15:00.454"	1.0246e-010	-8.7016e-014	7.3173e-012	7.1033e-014	4.4584e-011	-8.2825e-014	8.3212e-006	
"26.06.2024 14:15:00.737"	1.0059e-010	-8.7301e-014	7.4362e-012	7.2228e-014	4.3196e-011	-8.1226e-014	8.3212e-006	
"26.06.2024 14:15:01.021"	1.0152e-010	-8.4999e-014	7.3882e-012	7.1306e-014	4.3579e-011	-8.2346e-014	8.3236e-006	
"26.06.2024 14:15:01.304"	1.0243e-010	-8.4829e-014	7.3138e-012	7.2622e-014	4.4515e-011	-8.3176e-014	8.3236e-006	
"26.06.2024 14:15:01.588"	1.0047e-010	-8.5753e-014	7.4490e-012	6.8013e-014	4.3277e-011	-8.2537e-014	8.3236e-006	
"26.06.2024 14:15:01.871"	1.0149e-010	-8.5041e-014	7.4072e-012	7.4383e-014	4.3581e-011	-8.0275e-014	8.3236e-006	
"26.06.2024 14:15:02.154"	1.0231e-010	-8.5396e-014	7.3112e-012	7.2037e-014	4.4464e-011	-8.2644e-014	8.3169e-006	
"26.06.2024 14:15:02.438"	1.0043e-010	-8.5518e-014	7.4163e-012	7.0272e-014	4.3419e-011	-8.1310e-014	8.3169e-006	
"26.06.2024 14:15:02.721"	1.0140e-010	-8.7759e-014	7.4393e-012	7.0762e-014	4.3547e-011	-8.0094e-014	8.3169e-006	
"26.06.2024 14:15:03.005"	1.0233e-010	-8.6928e-014	7.2709e-012	6.9966e-014	4.4507e-011	-8.5287e-014	8.3169e-006	
"26.06.2024 14:15:03.289"	1.0039e-010	-8.4515e-014	7.3929e-012	7.2599e-014	4.3481e-011	-7.6755e-014	8.3117e-006	
"26.06.2024 14:15:03.572"	1.0134e-010	-8.7852e-014	7.4622e-012	7.2517e-014	4.3502e-011	-8.0359e-014	8.3117e-006	
"26.06.2024 14:15:03.856"	1.0221e-010	-8.3727e-014	7.2928e-012	7.4780e-014	4.4361e-011	-8.0678e-014	8.3117e-006	
"26.06.2024 14:15:04.139"	1.0038e-010	-8.8151e-014	7.4072e-012	7.0257e-014	4.3568e-011	-8.0990e-014	8.3117e-006	
"26.06.2024 14:15:04.422"	1.0123e-010	-8.4368e-014	7.4903e-012	7.1815e-014	4.3490e-011	-7.9795e-014	8.2934e-006	
"26.06.2024 14:15:04.706"	1.0209e-010	-8.6144e-014	7.2699e-012	7.0767e-014	4.4324e-011	-8.2923e-014	8.2934e-006	
"26.06.2024 14:15:04.989"	1.0038e-010	-8.5637e-014	7.4066e-012	7.1344e-014	4.3778e-011	-8.1134e-014	8.2934e-006	
"26.06.2024 14:15:05.273"	1.0119e-010	-8.5470e-014	7.4944e-012	7.2733e-014	4.3418e-011	-7.8874e-014	8.2878e-006	
"26.06.2024 14:15:05.556"	1.0206e-010	-8.6235e-014	7.2597e-012	7.3745e-014	4.4315e-011	-8.0876e-014	8.2878e-006	
"26.06.2024 14:15:05.840"	1.0060e-010	-8.7824e-014	7.3627e-012	7.2049e-014	4.4066e-011	-8.1563e-014	8.2878e-006	
"26.06.2024 14:15:06.123"	1.0115e-010	-8.4070e-014	7.5005e-012	7.2492e-014	4.3399e-011	-7.7152e-014	8.2878e-006	
"26.06.2024 14:15:06.406"	1.0205e-010	-8.6235e-014	7.2725e-012	7.2609e-014	4.4220e-011	-8.3981e-014	8.2858e-006	
"26.06.2024 14:15:06.690"	1.0088e-010	-8.5480e-014	7.3944e-012	7.1880e-014	4.4283e-011	-8.1116e-014	8.2858e-006	
"26.06.2024 14:15:06.973"	1.0113e-010	-8.5105e-014	7.4750e-012	7.2714e-014	4.3328e-011	-7.8883e-014	8.2858e-006	
"26.06.2024 14:15:07.257"	1.0190e-010	-8.4012e-014	7.2398e-012	7.2193e-014	4.4182e-011	-8.3937e-014	8.2858e-006	
"26.06.2024 14:15:07.540"	1.0112e-010	-8.5100e-014	7.3658e-012	7.1349e-014	4.4442e-011	-8.2144e-014	8.2849e-006	
"26.06.2024 14:15:07.824"	1.0103e-010	-8.6693e-014	7.5026e-012	7.1610e-014	4.3294e-011	-7.8558e-014	8.2849e-006	
"26.06.2024 14:15:08.107"	1.0188e-010	-8.7085e-014	7.2428e-012	7.0852e-014	4.4117e-011	-8.2301e-014	8.2849e-006	
"26.06.2024 14:15:08.391"	1.0155e-010	-8.3261e-014	7.3516e-012	7.1508e-014	4.4552e-011	-8.1284e-014	8.2849e-006	
"26.06.2024 14:15:08.674"	1.0091e-010	-8.6118e-014	7.4919e-012	7.2023e-014	4.3288e-011	-7.9343e-014	8.2854e-006	
"26.06.2024 14:15:08.958"	1.0185e-010	-8.4206e-014	7.2525e-012	7.0945e-014	4.4011e-011	-8.1256e-014	8.2854e-006	
"26.06.2024 14:15:09.241"	1.0184e-010	-8.5590e-014	7.3587e-012	7.3167e-014	4.4763e-011	-8.1812e-014	8.2854e-006	
"26.06.2024 14:15:09.524"	1.0085e-010	-8.4057e-014	7.4791e-012	7.1649e-014	4.3240e-011	-8.3816e-014	8.2854e-006	
"26.06.2024 14:15:09.808"	1.0178e-010	-8.9936e-014	7.2255e-012	7.1907e-014	4.4102e-011	-8.2975e-014	8.2805e-006	
"26.06.2024 14:15:10.092"	1.0663e-010	-8.5952e-014	7.8199e-012	6.9371e-014	2.7107e-011	-2.2388e-015	8.2805e-006	
"26.06.2024 14:15:10.375"	1.1959e-010	-8.8135e-014	8.8115e-012	9.1051e-014	8.7931e-012	9.2714e-014	8.2805e-006	
"26.06.2024 14:15:10.658"	1.2632e-010	-8.7904e-014	9.2337e-012	8.7353e-014	5.2795e-012	7.4411e-014	8.2805e-006	
"26.06.2024 14:15:10.942"	1.3013e-010	-8.4518e-014	1.0066e-011	8.2734e-014	4.1690e-012	7.7610e-014	8.4803e-006	
"26.06.2024 14:15:11.225"	1.3188e-010	-8.6202e-014	1.0641e-011	7.8488e-014	3.4005e-012	7.8139e-014	8.4803e-006	
"26.06.2024 14:15:11.509"	1.3521e-010	-8.6933e-014	1.0417e-011	7.9059e-014	3.0734e-012	7.5729e-014	8.4803e-006	
"26.06.2024 14:15:11.793"	1.3651e-010	-8.3470e-014	1.0916e-011	7.5488e-014	2.8052e-012	8.1981e-014	8.4803e-006	
"26.06.2024 14:15:12.076"	1.3541e-010	-8.5217e-014	1.1178e-011	7.6646e-014	2.4002e-012	7.9775e-014	9.3316e-006	
"26.06.2024 14:15:12.360"	1.3701e-010	-8.6211e-014	1.0682e-011	8.0331e-014	2.2417e-012	7.7957e-014	9.3316e-006	
"26.06.2024 14:15:12.644"	1.3752e-010	-8.5113e-014	1.1010e-011	7.6214e-014	2.1073e-012	7.8813e-014	9.3316e-006	
"26.06.2024 14:15:12.927"	1.3587e-010	-8.5705e-014	1.1243e-011	7.6168e-014	1.8606e-012	7.5297e-014	9.6919e-006	
"26.06.2024 14:15:13.211"	1.3732e-010	-8.5787e-014	1.0713e-011	7.8165e-014	1.7739e-012	7.6909e-014	9.6919e-006	
"26.06.2024 14:15:13.494"	1.3822e-010	-8.7017e-014	1.0990e-011	7.6564e-014	1.7195e-012	7.5417e-014	9.6919e-006	
"26.06.2024 14:15:13.778"	1.3587e-010	-8.5108e-014	1.1225e-011	7.7064e-014	1.5330e-012	7.7760e-014	9.6919e-006	
"26.06.2024 14:15:14.061"	1.3774e-010	-8.6264e-014	1.0787e-011	7.8596e-014	1.4920e-012	7.5648e-014	9.7683e-006	
"26.06.2024 14:15:14.344"	1.3847e-010	-8.7766e-014	1.0985e-011	7.6826e-014	1.4442e-012	7.4337e-014	9.7683e-006	
"26.06.2024 14:15:14.628"	1.3578e-010	-8.5777e-014	1.1249e-011	7.6173e-014	1.3020e-012	7.5995e-014	9.7683e-006	
"26.06.2024 14:15:14.913"	1.3779e-010	-8.5364e-014	1.0819e-011	7.9482e-014	1.2868e-012	7.8603e-014	9.7683e-006	
"26.06.2024 14:15:15.196"	1.3896e-010	-8.6137e-014	1.1020e-011	7.5535e-014	1.2633e-012	7.7008e-014	9.8292e-006	
"26.06.2024 14:15:15.480"	1.3562e-010	-8.4688e-014	1.1198e-011	7.3408e-014	1.1444e-012	7.5571e-014	9.8292e-006	
"26.06.2024 14:15:15.763"	1.3768e-010	-8.5859e-014	1.0891e-011	7.9236e-014	1.1291e-012	7.6176e-014	9.8292e-006	
"26.06.2024 14:15:16.047"	1.3920e-010	-8.8172e-014	1.0974e-011	7.7809e-014	1.1148e-012	7.7867e-014	9.8292e-006	
"26.06.2024 14:15:16.330"	1.3587e-010	-8.8604e-014	1.1250e-011	7.4680e-014	1.0325e-012	7.5098e-014	9.8723e-006	
"26.06.2024 14:15:16.614"	1.3771e-010	-8.3764e-014	1.0898e-011	7.8537e-014	1.0269e-012	7.6509e-014	9.8723e-006	
"26.06.2024 14:15:16.897"	1.3922e-010	-8.5555e-014	1.0947e-011	7.6840e-014	1.0180e-012	7.7398e-014	9.8723e-006	
"26.06.2024 14:15:17.181"	1.3570e-010	-8.6674e-014	1.1171e-011	7.6986e-014	9.3126e-013	7.4158e-014	9.8723e-006	
"26.06.2024 14:15:17.464"	1.3760e-010	-8.7937e-014	1.0995e-011	7.9048e-014	9.2825e-013	7.4755e-014	9.9058e-006	
"26.06.2024 14:15:17.748"	1.3932e-010	-8.9316e-014	1.0993e-011	7.5865e-014	9.3307e-013	7.2193e-014	9.9058e-006	
"26.06.2024 14:15:18.031"	1.3554e-010	-8.9630e-014	1.1207e-011	7.6952e-014	8.7340e-013	7.7770e-014	9.9058e-006	
"26.06.2024 14:15:18.315"	1.3753e-010	-8.5730e-014	1.1092e-011	7.9258e-014	8.6507e-013	7.4101e-014	9.9058e-006	
"26.06.2024 14:15:18.598"	1.3916e-010	-8.9748e-014	1.0956e-011	7.8524e-014	8.6334e-013	7.5621e-014	9.9324e-006	
"26.06.2024 14:15:18.881"	1.3564e-010	-8.6163e-014	1.1211e-011	7.5368e-014	8.2296e-013	7.3733e-014	9.9324e-006	
"26.06.2024 14:15:19.165"	1.3752e-010	-8.7182e-014	1.1127e-011	7.7823e-014	8.1124e-013	7.5886e-014	9.9324e-006	
"26.06.2024 14:15:19.448"	1.3898e-010	-8.5304e-014	1.0940e-011	7.7007e-014	8.2580e-013	7.7162e-014	9.9611e-006	
"26.06.2024 14:15:19.732"	1.3538e-010	-8.4350e-014	1.1182e-011	7.5980e-014	7.7576e-013	6.8663e-014	9.9611e-006	
"26.06.2024 14:15:20.015"	1.3773e-010	-8.6596e-014	1.1202e-011	7.9173e-014	7.7633e-013	7.3947e-014	9.9611e-006	
"26.06.2024 14:15:20.299"	1.3902e-010	-8.7969e-014	1.0880e-011	7.6218e-014	7.8352e-013	7.5343e-014	9.9611e-006	
"26.06.2024 14:15:20.582"	1.3522e-010	-8.5175e-014	1.1175e-011	7.6042e-014	7.4069e-013	7.1989e-014	9.9721e-006	
"26.06.2024 14:15:20.865"	1.3756e-010	-8.4674e-014	1.1276e-011	7.9652e-014	7.3976e-013	7.3746e-014	9.9721e-006	
"26.06.2024 14:15:21.149"	1.3921e-010	-8.7920e-014	1.0903e-011	7.7911e-014	7.5231e-013	7.3596e-014	9.9721e-006	
"26.06.2024 14:15:21.433"	1.3531e-010	-8.3631e-014	1.1116e-011	7.6125e-014	7.1803e-013	7.1409e-014	9.9721e-006	
"26.06.2024 14:15:21.716"	1.3732e-010	-8.8419e-014	1.1302e-011	7.6273e-014	7.0372e-013	6.9632e-014	9.9836e-006	
"26.06.2024 14:15:22.000"	1.3902e-010	-8.6971e-014	1.0921e-011	7.6963e-014	7.2952e-013	7.5277e-014	9.9836e-006	
"26.06.2024 14:15:22.283"	1.3541e-010	-8.6235e-014	1.1155e-011	7.5020e-014	6.9804e-013	6.9377e-014	9.9836e-006	
"26.06.2024 14:15:22.566"	1.3717e-010	-8.4516e-014	1.1319e-011	7.6299e-014	6.7974e-013	7.4040e-014	9.9836e-006	
"26.06.2024 14:15:22.850"	1.3873e-010	-8.9157e-014	1.0807e-011	7.7476e-014	6.9472e-013	7.1967e-014	9.9881e-006	
"26.06.2024 14:15:23.133"	1.3577e-010	-8.7663e-014	1.1134e-011	7.4855e-014	6.8459e-013	7.0901e-014	9.9881e-006	
"26.06.2024 14:15:23.417"	1.3716e-010	-8.7753e-014	1.1359e-011	7.4817e-014	6.6259e-013	7.2806e-014	9.9881e-006	
"26.06.2024 14:15:23.700"	1.3862e-010	-8.6857e-014	1.0830e-011	7.8168e-014	6.7341e-013	7.4347e-014	9.9881e-006	
"26.06.2024 14:15:23.983"	1.3630e-010	-8.4488e-014	1.1066e-011	7.7014e-014	6.6882e-013	6.6159e-014	1.0009e-005	
"26.06.2024 14:15:24.267"	1.3735e-010	-8.5299e-014	1.1344e-011	7.4828e-014	6.4580e-013	7.5146e-014	1.0009e-005	
"26.06.2024 14:15:24.550"	1.3861e-010	-8.8584e-014	1.0782e-011	7.8861e-014	6.5896e-013	7.2418e-014	1.0009e-005	
"26.06.2024 14:15:24.834"	1.3661e-010	-8.8686e-014	1.1122e-011	7.3895e-014	6.5537e-013	6.9074e-014	1.0009e-005	
"26.06.2024 14:15:25.118"	1.3722e-010	-8.8761e-014	1.1390e-011	7.4491e-014	6.3231e-013	7.4449e-014	1.0030e-005	
"26.06.2024 14:15:25.402"	1.3843e-010	-8.6771e-014	1.0774e-011	7.8692e-014	6.4030e-013	7.2758e-014	1.0030e-005	
"26.06.2024 14:15:25.685"	1.3683e-010	-8.4658e-014	1.1100e-011	7.5184e-014	6.4308e-013	7.2972e-014	1.0030e-005	
"26.06.2024 14:15:25.970"	1.3702e-010	-8.7399e-014	1.1329e-011	7.3583e-014	6.1788e-013	7.1111e-014	1.0026e-005	
"26.06.2024 14:15:26.253"	1.3874e-010	-8.3719e-014	1.0815e-011	7.7757e-014	6.3605e-013	7.3589e-014	1.0026e-005	
"26.06.2024 14:15:26.536"	1.3730e-010	-8.8060e-014	1.1068e-011	7.5802e-014	6.3062e-013	6.9950e-014	1.0026e-005	
"26.06.2024 14:15:26.820"	1.3700e-010	-8.4565e-014	1.1325e-011	7.3037e-014	6.0373e-013	7.4240e-014	1.0026e-005	
"26.06.2024 14:15:27.103"	1.3860e-010	-8.4314e-014	1.0761e-011	7.8289e-014	6.1145e-013	7.2565e-014	1.0026e-005	
"26.06.2024 14:15:27.387"	1.3783e-010	-8.5130e-014	1.1068e-011	7.4905e-014	6.1979e-013	7.1117e-014	1.0026e-005	
"26.06.2024 14:15:27.670"	1.3671e-010	-8.3428e-014	1.1283e-011	7.5068e-014	5.8770e-013	7.2506e-014	1.0026e-005	
"26.06.2024 14:15:27.954"	1.3861e-010	-8.3978e-014	1.0731e-011	7.8620e-014	6.0667e-013	7.3761e-014	1.0026e-005	
"26.06.2024 14:15:28.238"	1.3804e-010	-8.3204e-014	1.1076e-011	7.6686e-014	6.1037e-013	7.2255e-014	1.0038e-005	
"26.06.2024 14:15:28.522"	1.3686e-010	-8.5681e-014	1.1288e-011	7.4723e-014	5.7497e-013	7.0737e-014	1.0038e-005	
"26.06.2024 14:15:28.805"	1.3827e-010	-8.7251e-014	1.0733e-011	7.7893e-014	5.9070e-013	7.1042e-014	1.0038e-005	
"26.06.2024 14:15:29.088"	1.3866e-010	-8.8665e-014	1.1104e-011	7.5273e-014	6.0532e-013	6.7718e-014	1.0038e-005	
"26.06.2024 14:15:29.372"	1.3684e-010	-8.8625e-014	1.1271e-011	7.4162e-014	5.6503e-013	6.8030e-014	1.0046e-005	
"26.06.2024 14:15:29.655"	1.3834e-010	-8.5267e-014	1.0786e-011	7.7814e-014	5.7957e-013	7.4258e-014	1.0046e-005	
"26.06.2024 14:15:29.940"	1.3870e-010	-8.4621e-014	1.1040e-011	7.5726e-014	5.9424e-013	7.1687e-014	1.0046e-005	
"26.06.2024 14:15:30.224"	1.3677e-010	-8.6792e-014	1.1284e-011	7.3139e-014	5.5775e-013	7.0960e-014	1.0046e-005	
"26.06.2024 14:15:30.508"	1.3828e-010	-8.3610e-014	1.0795e-011	7.8223e-014	5.6898e-013	7.2660e-014	1.0062e-005	
"26.06.2024 14:15:30.791"	1.3918e-010	-8.8112e-014	1.1040e-011	7.5510e-014	5.7910e-013	6.9547e-014	1.0062e-005	
"26.06.2024 14:15:31.074"	1.3658e-010	-8.8275e-014	1.1266e-011	7.4590e-014	5.4760e-013	7.0610e-014	1.0062e-005	
"26.06.2024 14:15:31.358"	1.3840e-010	-8.6860e-014	1.0814e-011	7.9044e-014	5.6691e-013	6.8133e-014	1.0062e-005	
"26.06.2024 14:15:31.641"	1.3949e-010	-8.8173e-014	1.1058e-011	7.5243e-014	5.7648e-013	7.0628e-014	1.0059e-005	
"26.06.2024 14:15:31.925"	1.3613e-010	-8.5676e-014	1.1290e-011	7.5872e-014	5.3923e-013	7.0727e-014	1.0059e-005	
"26.06.2024 14:15:32.208"	1.3808e-010	-8.2578e-014	1.0895e-011	7.7758e-014	5.5202e-013	7.2377e-014	1.0059e-005	
"26.06.2024 14:15:32.492"	1.3968e-010	-8.6425e-014	1.1016e-011	7.6064e-014	5.6816e-013	7.3573e-014	1.0059e-005	
"26.06.2024 14:15:32.775"	1.3631e-010	-8.6764e-014	1.1292e-011	7.4561e-014	5.3347e-013	6.8518e-014	1.0061e-005	
"26.06.2024 14:15:33.059"	1.3800e-010	-8.6518e-014	1.0970e-011	7.8836e-014	5.3744e-013	7.0908e-014	1.0061e-005	
"26.06.2024 14:15:33.342"	1.3954e-010	-8.7812e-014	1.0967e-011	7.7304e-014	5.5422e-013	6.9293e-014	1.0061e-005	
"26.06.2024 14:15:33.625"	1.3598e-010	-8.5928e-014	1.1237e-011	7.4090e-014	5.2564e-013	9.3047e-014	1.0067e-005	
"26.06.2024 14:15:33.909"	1.3815e-010	-8.3178e-014	1.1018e-011	7.9376e-014	5.3181e-013	7.0720e-014	1.0067e-005	
"26.06.2024 14:15:34.192"	1.3966e-010	-8.5902e-014	1.0955e-011	7.6151e-014	5.4836e-013	7.0724e-014	1.0067e-005	
"26.06.2024 14:15:34.476"	1.3567e-010	-8.5350e-014	1.1198e-011	7.4617e-014	5.1343e-013	9.2000e-014	1.0067e-005	
"26.06.2024 14:15:34.759"	1.3805e-010	-8.5820e-014	1.1087e-011	7.7712e-014	5.2677e-013	9.3143e-014	1.0067e-005	
"26.06.2024 14:15:35.043"	1.3968e-010	-8.5768e-014	1.0974e-011	7.4822e-014	5.3598e-013	6.8057e-014	1.0067e-005	
"26.06.2024 14:15:35.326"	1.3563e-010	-8.5617e-014	1.1151e-011	7.5231e-014	5.0569e-013	9.0630e-014	1.0067e-005	
"26.06.2024 14:15:35.610"	1.3780e-010	-8.4577e-014	1.1146e-011	7.7209e-014	5.1484e-013	9.1229e-014	1.0067e-005	
"26.06.2024 14:15:35.893"	1.3962e-010	-8.3645e-014	1.0960e-011	7.6443e-014	5.3022e-013	6.7441e-014	1.0064e-005	
"26.06.2024 14:15:36.177"	1.3574e-010	-8.2871e-014	1.1244e-011	7.5202e-014	5.0724e-013	9.0744e-014	1.0064e-005	
"26.06.2024 14:15:36.460"	1.3769e-010	-8.4730e-014	1.1275e-011	7.9425e-014	5.0861e-013	9.1141e-014	1.0064e-005	
"26.06.2024 14:15:36.743"	1.3924e-010	-8.9237e-014	1.0956e-011	7.6928e-014	5.2403e-013	9.3084e-014	1.0064e-005	
"26.06.2024 14:15:37.027"	1.3566e-010	-8.6559e-014	1.1237e-011	7.4231e-014	5.0041e-013	8.9244e-014	1.0076e-005	
"26.06.2024 14:15:37.310"	1.3787e-010	-8.8990e-014	1.1322e-011	7.7720e-014	5.0302e-013	9.0038e-014	1.0076e-005	
"26.06.2024 14:15:37.594"	1.3913e-010	-8.6283e-014	1.0908e-011	7.6380e-014	5.0960e-013	9.1811e-014	1.0076e-005	
"26.06.2024 14:15:37.877"	1.3553e-010	-8.2065e-014	1.1186e-011	7.4678e-014	4.9701e-013	8.8455e-014	1.0076e-005	
"26.06.2024 14:15:38.161"	1.3781e-010	-8.7697e-014	1.1338e-011	7.7323e-014	4.9350e-013	8.9244e-014	1.0082e-005	
"26.06.2024 14:15:38.444"	1.3929e-010	-8.3390e-014	1.0970e-011	7.6011e-014	5.0810e-013	9.1309e-014	1.0082e-005	
"26.06.2024 14:15:38.727"	1.3571e-010	-8.7599e-014	1.1226e-011	7.5176e-014	4.9397e-013	8.8642e-014	1.0082e-005	
"26.06.2024 14:15:39.011"	1.3740e-010	-9.2261e-014	1.1375e-011	7.7043e-014	4.7941e-013	8.7524e-014	1.0082e-005	
"26.06.2024 14:15:39.294"	1.3916e-010	-8.3824e-014	1.0903e-011	7.7159e-014	5.0208e-013	9.0776e-014	1.0104e-005	
"26.06.2024 14:15:39.578"	1.3588e-010	-8.6141e-014	1.1208e-011	7.4358e-014	4.8927e-013	8.7063e-014	1.0104e-005	
"26.06.2024 14:15:39.862"	1.3743e-010	-8.7692e-014	1.1371e-011	7.5891e-014	4.8767e-013	8.5686e-014	1.0104e-005	
"26.06.2024 14:15:40.146"	1.3895e-010	-8.6349e-014	1.0859e-011	7.6003e-014	4.8258e-013	8.8505e-014	1.0095e-005	
"26.06.2024 14:15:40.429"	1.3602e-010	-8.7366e-014	1.1178e-011	7.5977e-014	4.9072e-013	8.6743e-014	1.0095e-005	
"26.06.2024 14:15:40.713"	1.3775e-010	-8.4057e-014	1.1376e-011	7.6164e-014	4.7249e-013	8.5464e-014	1.0095e-005	
"26.06.2024 14:15:40.997"	1.3905e-010	-8.5806e-014	1.0857e-011	7.7114e-014	4.8176e-013	8.7626e-014	1.0095e-005	
"26.06.2024 14:15:41.280"	1.3638e-010	-8.8916e-014	1.1147e-011	7.4736e-014	4.8038e-013	8.5279e-014	1.0104e-005	
"26.06.2024 14:15:41.564"	1.3731e-010	-8.5174e-014	1.1402e-011	7.2720e-014	4.6855e-013	8.4653e-014	1.0104e-005	
"26.06.2024 14:15:41.848"	1.3903e-010	-8.5789e-014	1.0877e-011	7.7494e-014	4.8347e-013	8.7649e-014	1.0104e-005	
"26.06.2024 14:15:42.131"	1.3673e-010	-8.4749e-014	1.1124e-011	7.5105e-014	4.7659e-013	8.5527e-014	1.0104e-005	
"26.06.2024 14:15:42.414"	1.3708e-010	-8.5822e-014	1.1357e-011	7.3889e-014	4.5759e-013	8.2595e-014	1.0092e-005	
"26.06.2024 14:15:42.698"	1.3888e-010	-8.8730e-014	1.0855e-011	7.6154e-014	4.7488e-013	8.5487e-014	1.0092e-005	
"26.06.2024 14:15:42.981"	1.3689e-010	-8.4855e-014	1.1176e-011	7.5121e-014	4.7029e-013	8.3475e-014	1.0092e-005	
"26.06.2024 14:15:43.266"	1.3717e-010	-8.6685e-014	1.1339e-011	7.5456e-014	4.5550e-013	8.2252e-014	1.0092e-005	
"26.06.2024 14:15:43.549"	1.3864e-010	-8.5723e-014	1.0814e-011	7.8709e-014	4.6675e-013	8.4751e-014	1.0088e-005	
"26.06.2024 14:15:43.832"	1.3753e-010	-8.8232e-014	1.1159e-011	7.4706e-014	4.6923e-013	8.4197e-014	1.0088e-005	
"26.06.2024 14:15:44.116"	1.3734e-010	-8.5396e-014	1.1359e-011	7.4234e-014	4.5002e-013	8.0897e-014	1.0088e-005	
"26.06.2024 14:15:44.400"	1.3866e-010	-8.5241e-014	1.0827e-011	7.8484e-014	4.5710e-013	8.2478e-014	1.0088e-005	
"26.06.2024 14:15:44.683"	1.3742e-010	-8.6239e-014	1.1087e-011	7.6741e-014	4.5883e-013	8.2355e-014	1.0102e-005	
"26.06.2024 14:15:44.968"	1.3720e-010	-8.7447e-014	1.1372e-011	7.2285e-014	4.4745e-013	8.0194e-014	1.0102e-005	
"26.06.2024 14:15:45.252"	1.3881e-010	-8.7322e-014	1.0823e-011	7.7643e-014	4.6021e-013	8.2443e-014	1.0102e-005	
"26.06.2024 14:15:45.535"	1.3792e-010	-8.4513e-014	1.1092e-011	7.5281e-014	4.6074e-013	8.2590e-014	1.0102e-005	
"26.06.2024 14:15:45.818"	1.3690e-010	-8.5362e-014	1.1314e-011	7.5145e-014	4.4084e-013	7.8373e-014	1.0099e-005	
"26.06.2024 14:15:46.102"	1.3874e-010	-8.6679e-014	1.0804e-011	7.9226e-014	4.4856e-013	8.1633e-014	1.0099e-005	
"26.06.2024 14:15:46.385"	1.3840e-010	-8.4988e-014	1.1115e-011	7.4280e-014	4.4914e-013	8.1463e-014	1.0099e-005	
"26.06.2024 14:15:46.669"	1.3673e-010	-8.9799e-014	1.1296e-011	7.4922e-014	4.3237e-013	7.6255e-014	1.0099e-005	
"26.06.2024 14:15:46.952"	1.3834e-010	-8.6346e-014	1.0795e-011	7.7467e-014	4.4113e-013	7.9445e-014	1.0100e-005	
"26.06.2024 14:15:47.235"	1.3878e-010	-8.2763e-014	1.1122e-011	7.5904e-014	4.5316e-013	8.1619e-014	1.0100e-005	
"26.06.2024 14:15:47.519"	1.3682e-010	-8.5117e-014	1.1343e-011	7.3793e-014	4.2553e-013	7.4617e-014	1.0100e-005	
"26.06.2024 14:15:47.802"	1.3826e-010	-8.6590e-014	1.0829e-011	7.9523e-014	4.3653e-013	7.7868e-014	1.0102e-005	
"26.06.2024 14:15:48.086"	1.3936e-010	-8.5604e-014	1.1020e-011	7.4941e-014	4.4667e-013	8.0269e-014	1.0102e-005	
"26.06.2024 14:15:48.369"	1.3681e-010	-8.5367e-014	1.1299e-011	7.5910e-014	4.2483e-013	7.4576e-014	1.0102e-005	
"26.06.2024 14:15:48.653"	1.3847e-010	-8.7753e-014	1.0845e-011	8.0027e-014	4.3374e-013	7.6506e-014	1.0102e-005	
"26.06.2024 14:15:48.936"	1.3939e-010	-8.7782e-014	1.1059e-011	7.6625e-014	4.4012e-013	7.8028e-014	1.0108e-005	
"26.06.2024 14:15:49.220"	1.3649e-010	-8.5526e-014	1.1344e-011	7.6008e-014	4.2042e-013	7.3243e-014	1.0108e-005	
"26.06.2024 14:15:49.503"	1.3833e-010	-8.6461e-014	1.0890e-011	7.8767e-014	4.2563e-013	7.5504e-014	1.0108e-005	
"26.06.2024 14:15:49.787"	1.3959e-010	-8.7364e-014	1.1071e-011	7.6142e-014	4.3685e-013	7.7292e-014	1.0108e-005	
"26.06.2024 14:15:50.070"	1.3613e-010	-8.5669e-014	1.1299e-011	7.4058e-014	4.1437e-013	7.1189e-014	1.0104e-005	
"26.06.2024 14:15:50.353"	1.3836e-010	-8.6888e-014	1.0978e-011	7.8650e-014	4.2333e-013	7.4660e-014	1.0104e-005	
"26.06.2024 14:15:50.637"	1.3985e-010	-8.3820e-014	1.1035e-011	7.6931e-014	4.3772e-013	7.7925e-014	1.0104e-005	
"26.06.2024 14:15:50.920"	1.3603e-010	-8.6594e-014	1.1234e-011	7.6193e-014	4.0697e-013	6.9814e-014	1.0104e-005	
"26.06.2024 14:15:51.204"	1.3811e-010	-8.6217e-014	1.0998e-011	7.9674e-014	4.1444e-013	7.2265e-014	1.0110e-005	
"26.06.2024 14:15:51.487"	1.3974e-010	-8.6369e-014	1.1052e-011	7.7631e-014	4.2876e-013	7.5726e-014	1.0110e-005	
"26.06.2024 14:15:51.771"	1.3597e-010	-8.7589e-014	1.1236e-011	7.7252e-014	4.0922e-013	6.9852e-014	1.0110e-005	
"26.06.2024 14:15:52.054"	1.3816e-010	-8.7783e-014	1.1045e-011	7.8819e-014	4.1227e-013	7.1448e-014	1.0110e-005	
"26.06.2024 14:15:52.337"	1.3981e-010	-8.6894e-014	1.1008e-011	7.6594e-014	4.2271e-013	7.3479e-014	1.0104e-005	
"26.06.2024 14:15:52.621"	1.3607e-010	-8.4652e-014	1.1278e-011	7.4888e-014	4.0496e-013	6.7987e-014	1.0104e-005	
"26.06.2024 14:15:52.904"	1.3798e-010	-8.4987e-014	1.1137e-011	7.7868e-014	4.0579e-013	6.9541e-014	1.0104e-005	
"26.06.2024 14:15:53.188"	1.3953e-010	-8.4264e-014	1.0981e-011	7.7135e-014	4.1897e-013	7.2519e-014	1.0104e-005	
"26.06.2024 14:15:53.472"	1.3595e-010	-8.4074e-014	1.1230e-011	7.5381e-014	4.0395e-013	6.8127e-014	1.0115e-005	
"26.06.2024 14:15:53.755"	1.3808e-010	-8.6343e-014	1.1143e-011	7.8987e-014	4.1003e-013	7.0037e-014	1.0115e-005	
"26.06.2024 14:15:54.038"	1.3941e-010	-8.6891e-014	1.0947e-011	7.6489e-014	4.1025e-013	7.2216e-014	1.0115e-005	
"26.06.2024 14:15:54.322"	1.3562e-010	-8.7178e-014	1.1253e-011	7.5345e-014	3.9994e-013	6.6554e-014	1.0109e-005	
"26.06.2024 14:15:54.605"	1.3810e-010	-8.9753e-014	1.1239e-011	7.7899e-014	4.0320e-013	6.7357e-014	1.0109e-005	
"26.06.2024 14:15:54.889"	1.3940e-010	-8.5847e-014	1.0971e-011	7.7733e-014	4.0706e-013	6.9015e-014	1.0109e-005	
"26.06.2024 14:15:55.173"	1.3548e-010	-8.5549e-014	1.1184e-011	7.5530e-014	3.9397e-013	6.4918e-014	1.0109e-005	
"26.06.2024 14:15:55.456"	1.3785e-010	-8.6265e-014	1.1265e-011	7.7550e-014	3.9465e-013	6.5850e-014	1.0111e-005	
"26.06.2024 14:15:55.740"	1.3952e-010	-8.7312e-014	1.0998e-011	7.5735e-014	4.0903e-013	6.9626e-014	1.0111e-005	
"26.06.2024 14:15:56.024"	1.3555e-010	-8.3028e-014	1.1177e-011	7.3724e-014	3.8985e-013	6.3455e-014	1.0111e-005	
"26.06.2024 14:15:56.307"	1.3777e-010	-8.6795e-014	1.1313e-011	7.6986e-014	3.9013e-013	6.3451e-014	1.0111e-005	
"26.06.2024 14:15:56.591"	1.3945e-010	-8.5391e-014	1.0970e-011	7.5302e-014	4.0269e-013	6.7073e-014	1.0106e-005	
"26.06.2024 14:15:56.875"	1.3557e-010	-8.6591e-014	1.1155e-011	7.6145e-014	3.8910e-013	6.2695e-014	1.0106e-005	
"26.06.2024 14:15:57.158"	1.3765e-010	-8.6265e-014	1.1323e-011	7.7408e-014	3.8726e-013	6.3616e-014	1.0106e-005	
"26.06.2024 14:15:57.441"	1.3936e-010	-8.6963e-014	1.0923e-011	7.6833e-014	3.9548e-013	6.7435e-014	1.0106e-005	
"26.06.2024 14:15:57.725"	1.3573e-010	-8.7223e-014	1.1215e-011	7.4174e-014	3.8631e-013	6.2189e-014	1.0115e-005	
"26.06.2024 14:15:58.010"	1.3765e-010	-8.5199e-014	1.1311e-011	7.8897e-014	3.8175e-013	6.1713e-014	1.0115e-005	
"26.06.2024 14:15:58.294"	1.3924e-010	-8.6103e-014	1.0931e-011	7.5724e-014	3.9430e-013	6.5942e-014	1.0115e-005	
"26.06.2024 14:15:58.577"	1.3573e-010	-8.7534e-014	1.1201e-011	7.4241e-014	3.8429e-013	6.0940e-014	1.0115e-005	
"26.06.2024 14:15:58.861"	1.3784e-010	-8.5093e-014	1.1339e-011	7.7222e-014	3.8016e-013	6.1186e-014	1.0133e-005	
"26.06.2024 14:15:59.144"	1.3909e-010	-8.9462e-014	1.0851e-011	7.6275e-014	3.9061e-013	6.3980e-014	1.0133e-005	
"26.06.2024 14:15:59.428"	1.3589e-010	-8.8166e-014	1.1136e-011	7.5938e-014	3.8271e-013	6.1072e-014	1.0133e-005	
"26.06.2024 14:15:59.711"	1.3780e-010	-8.5599e-014	1.1335e-011	7.6870e-014	3.7456e-013	5.9819e-014	1.0133e-005	
"26.06.2024 14:15:59.996"	1.3936e-010	-8.5405e-014	1.0943e-011	7.5707e-014	3.8357e-013	6.3062e-014	1.0132e-005	
"26.06.2024 14:16:00.279"	1.3586e-010	-8.3577e-014	1.1183e-011	7.6067e-014	3.7894e-013	5.9592e-014	1.0132e-005	
"26.06.2024 14:16:00.563"	1.3755e-010	-8.6152e-014	1.1394e-011	7.5508e-014	3.6972e-013	5.7973e-014	1.0132e-005	
"26.06.2024 14:16:00.846"	1.3924e-010	-8.3220e-014	1.0895e-011	7.8853e-014	3.8506e-013	6.2080e-014	1.0132e-005	
"26.06.2024 14:16:01.130"	1.3632e-010	-8.6754e-014	1.1161e-011	7.6640e-014	3.7831e-013	5.8891e-014	1.0141e-005	
"26.06.2024 14:16:01.413"	1.3733e-010	-8.9392e-014	1.1373e-011	7.4503e-014	3.6614e-013	5.7233e-014	1.0141e-005	
"26.06.2024 14:16:01.696"	1.3895e-010	-8.6403e-014	1.0859e-011	7.8173e-014	3.8226e-013	6.1027e-014	1.0141e-005	
"26.06.2024 14:16:01.980"	1.3689e-010	-8.2151e-014	1.1138e-011	7.5906e-014	3.7642e-013	5.9188e-014	1.0140e-005	
"26.06.2024 14:16:02.264"	1.3751e-010	-8.5269e-014	1.1348e-011	7.4562e-014	3.6443e-013	5.6232e-014	1.0140e-005	
"26.06.2024 14:16:02.547"	1.3894e-010	-8.7217e-014	1.0821e-011	7.7883e-014	3.7228e-013	5.9315e-014	1.0140e-005	
"26.06.2024 14:16:02.831"	1.3721e-010	-8.7104e-014	1.1148e-011	7.3985e-014	3.7241e-013	5.7609e-014	1.0140e-005	
"26.06.2024 14:16:03.114"	1.3736e-010	-8.5265e-014	1.1432e-011	7.2525e-014	3.6348e-013	5.5205e-014	1.0149e-005	
"26.06.2024 14:16:03.398"	1.3870e-010	-8.7228e-014	1.0795e-011	7.7372e-014	3.6571e-013	5.6610e-014	1.0149e-005	
"26.06.2024 14:16:03.681"	1.3793e-010	-8.7725e-014	1.1134e-011	7.6540e-014	3.7809e-013	5.8848e-014	1.0149e-005	
"26.06.2024 14:16:03.964"	1.3733e-010	-8.5204e-014	1.1348e-011	7.5423e-014	3.5318e-013	5.3374e-014	1.0149e-005	
"26.06.2024 14:16:04.248"	1.3886e-010	-9.0845e-014	1.0791e-011	7.5720e-014	3.6440e-013	5.6787e-014	1.0138e-005	
"26.06.2024 14:16:04.531"	1.3836e-010	-8.4857e-014	1.1065e-011	7.6492e-014	3.6887e-013	5.7661e-014	1.0138e-005	
"26.06.2024 14:16:04.815"	1.3704e-010	-8.6772e-014	1.1368e-011	7.3923e-014	3.5750e-013	5.3829e-014	1.0138e-005	
"26.06.2024 14:16:05.098"	1.3874e-010	-8.7741e-014	1.0816e-011	7.8551e-014	3.6604e-013	5.5566e-014	1.0138e-005	
"26.06.2024 14:16:05.381"	1.3889e-010	-8.5210e-014	1.1061e-011	7.6081e-014	3.6954e-013	5.7483e-014	1.0140e-005	
"26.06.2024 14:16:05.665"	1.3669e-010	-8.5730e-014	1.1313e-011	7.5710e-014	3.5105e-013	5.1719e-014	1.0140e-005	
"26.06.2024 14:16:05.948"	1.3862e-010	-8.5025e-014	1.0829e-011	7.8591e-014	3.5965e-013	5.4760e-014	1.0140e-005	
"26.06.2024 14:16:06.232"	1.3950e-010	-8.7747e-014	1.1090e-011	7.7364e-014	3.6610e-013	5.5722e-014	1.0140e-005	
"26.06.2024 14:16:06.515"	1.3675e-010	-8.8094e-014	1.1309e-011	7.4913e-014	3.4508e-013	5.0529e-014	1.0147e-005	
"26.06.2024 14:16:06.799"	1.3864e-010	-8.3479e-014	1.0818e-011	7.6515e-014	3.5573e-013	5.3966e-014	1.0147e-005	
"26.06.2024 14:16:07.082"	1.3946e-010	-8.8404e-014	1.1075e-011	7.5921e-014	3.6082e-013	5.5298e-014	1.0147e-005	
"26.06.2024 14:16:07.366"	1.3646e-010	-8.6389e-014	1.1279e-011	7.4346e-014	3.4224e-013	4.8872e-014	1.0147e-005	
"26.06.2024 14:16:07.649"	1.3843e-010	-8.6704e-014	1.0896e-011	8.0067e-014	3.5349e-013	5.2296e-014	1.0146e-005	
"26.06.2024 14:16:07.933"	1.3988e-010	-8.5458e-014	1.1077e-011	7.4950e-014	3.5888e-013	5.4680e-014	1.0146e-005	
"26.06.2024 14:16:08.216"	1.3654e-010	-8.6768e-014	1.1300e-011	7.5873e-014	3.4280e-013	4.8874e-014	1.0146e-005	
"26.06.2024 14:16:08.500"	1.3842e-010	-8.7207e-014	1.0946e-011	7.7148e-014	3.5128e-013	5.1408e-014	1.0157e-005	
"26.06.2024 14:16:08.783"	1.3986e-010	-8.5873e-014	1.1047e-011	7.4820e-014	3.4896e-013	5.3417e-014	1.0157e-005	
"26.06.2024 14:16:09.066"	1.3634e-010	-8.3663e-014	1.1296e-011	7.4989e-014	3.3608e-013	4.7614e-014	1.0157e-005	
"26.06.2024 14:16:09.350"	1.3825e-010	-8.6817e-014	1.1026e-011	7.9627e-014	3.4622e-013	5.0553e-014	1.0157e-005	
"26.06.2024 14:16:09.633"	1.3983e-010	-8.8275e-014	1.1028e-011	7.5212e-014	3.5608e-013	5.2172e-014	1.0148e-005	
"26.06.2024 14:16:09.917"	1.3639e-010	-8.6873e-014	1.1300e-011	7.5206e-014	3.3951e-013	4.8880e-014	1.0148e-005	
"26.06.2024 14:16:10.201"	1.3843e-010	-8.7277e-014	1.1027e-011	7.8850e-014	3.3799e-013	4.8895e-014	1.0148e-005	
"26.06.2024 14:16:10.484"	1.3981e-010	-9.0493e-014	1.0989e-011	7.5375e-014	3.4914e-013	5.2223e-014	1.0148e-005	
"26.06.2024 14:16:10.768"	1.3603e-010	-8.5572e-014	1.1231e-011	7.5169e-014	3.2775e-013	4.6256e-014	1.0161e-005	
"26.06.2024 14:16:11.052"	1.3838e-010	-8.7577e-014	1.1040e-011	7.8603e-014	3.3884e-013	4.8285e-014	1.0161e-005	
"26.06.2024 14:16:11.336"	1.3988e-010	-8.4923e-014	1.1030e-011	7.6360e-014	3.4810e-013	5.1438e-014	1.0161e-005	
"26.06.2024 14:16:11.620"	1.3589e-010	-8.3187e-014	1.1252e-011	7.6628e-014	3.3074e-013	4.5321e-014	1.0161e-005	
"26.06.2024 14:16:11.903"	1.3812e-010	-8.7059e-014	1.1070e-011	7.8884e-014	3.3514e-013	4.8635e-014	1.0160e-005	
"26.06.2024 14:16:12.187"	1.3978e-010	-8.4534e-014	1.0998e-011	7.6474e-014	3.4452e-013	5.0596e-014	1.0160e-005	
"26.06.2024 14:16:12.470"	1.3599e-010	-8.5101e-014	1.1253e-011	7.3612e-014	3.3192e-013	4.5452e-014	1.0160e-005	
"26.06.2024 14:16:12.753"	1.3799e-010	-8.8901e-014	1.1150e-011	7.7609e-014	3.3128e-013	4.6827e-014	1.0160e-005	
"26.06.2024 14:16:13.038"	1.3965e-010	-8.3244e-014	1.1002e-011	7.5655e-014	3.4405e-013	4.9941e-014	1.0160e-005	
"26.06.2024 14:16:13.322"	1.3594e-010	-8.7255e-014	1.1288e-011	7.3738e-014	3.2951e-013	4.4646e-014	1.0160e-005	
"26.06.2024 14:16:13.605"	1.3809e-010	-8.3146e-014	1.1168e-011	7.9223e-014	3.3230e-013	4.7033e-014	1.0160e-005	
"26.06.2024 14:16:13.889"	1.3949e-010	-8.9799e-014	1.0928e-011	7.7120e-014	3.3885e-013	4.8071e-014	1.0160e-005	
"26.06.2024 14:16:14.172"	1.3594e-010	-8.8015e-014	1.1226e-011	7.5808e-014	3.2451e-013	4.3552e-014	1.0164e-005	
"26.06.2024 14:16:14.455"	1.3798e-010	-8.7247e-014	1.1205e-011	7.9142e-014	3.2381e-013	4.4648e-014	1.0164e-005	
"26.06.2024 14:16:14.739"	1.3952e-010	-8.5405e-014	1.0996e-011	7.5689e-014	3.4354e-013	4.8099e-014	1.0164e-005	
"26.06.2024 14:16:15.023"	1.3571e-010	-8.4677e-014	1.1249e-011	7.3582e-014	3.2680e-013	4.3274e-014	1.0164e-005	
"26.06.2024 14:16:15.307"	1.3807e-010	-8.6655e-014	1.1228e-011	7.8004e-014	3.2424e-013	4.4478e-014	1.0158e-005	
"26.06.2024 14:16:15.590"	1.3941e-010	-8.9491e-014	1.0914e-011	7.7882e-014	3.3116e-013	4.6836e-014	1.0158e-005	
"26.06.2024 14:16:15.874"	1.3561e-010	-9.0922e-014	1.1179e-011	7.4225e-014	3.1996e-013	4.2216e-014	1.0158e-005	
"26.06.2024 14:16:16.157"	1.3787e-010	-8.5307e-014	1.1301e-011	7.9003e-014	3.2364e-013	4.3812e-014	1.0148e-005	
"26.06.2024 14:16:16.441"	1.3952e-010	-8.8600e-014	1.0943e-011	7.7187e-014	3.2879e-013	4.5374e-014	1.0148e-005	
"26.06.2024 14:16:16.724"	1.3564e-010	-8.6161e-014	1.1198e-011	7.4535e-014	3.2269e-013	4.1853e-014	1.0148e-005	
"26.06.2024 14:16:17.008"	1.3781e-010	-9.1229e-014	1.1315e-011	7.7311e-014	3.1921e-013	4.2260e-014	1.0148e-005	
"26.06.2024 14:16:17.291"	1.3940e-010	-8.8955e-014	1.0882e-011	7.6989e-014	3.2325e-013	4.4385e-014	1.0149e-005	
"26.06.2024 14:16:17.574"	1.3571e-010	-8.5576e-014	1.1146e-011	7.6050e-014	3.2090e-013	4.2254e-014	1.0149e-005	
"26.06.2024 14:16:17.858"	1.3755e-010	-8.7611e-014	1.1334e-011	7.6274e-014	3.1407e-013	4.2111e-014	1.0149e-005	
"26.06.2024 14:16:18.141"	1.3931e-010	-8.2735e-014	1.0925e-011	7.7119e-014	3.2541e-013	4.4831e-014	1.0149e-005	
"26.06.2024 14:16:18.425"	1.3612e-010	-8.6987e-014	1.1239e-011	7.5593e-014	3.2425e-013	4.2321e-014	1.0148e-005	
"26.06.2024 14:16:18.708"	1.3754e-010	-8.4720e-014	1.1385e-011	7.5908e-014	3.0630e-013	3.9920e-014	1.0148e-005	
"26.06.2024 14:16:18.991"	1.3902e-010	-8.1909e-014	1.0842e-011	7.5862e-014	3.1730e-013	4.2824e-014	1.0148e-005	
"26.06.2024 14:16:19.275"	1.3640e-010	-8.7973e-014	1.1174e-011	7.6318e-014	3.1995e-013	4.1833e-014	1.0148e-005	
"26.06.2024 14:16:19.558"	1.3767e-010	-8.5591e-014	1.1389e-011	7.4411e-014	3.0895e-013	4.1228e-014	1.0160e-005	
"26.06.2024 14:16:19.842"	1.3900e-010	-8.7917e-014	1.0807e-011	7.8522e-014	3.2099e-013	4.2812e-014	1.0160e-005	
"26.06.2024 14:16:20.125"	1.3681e-010	-8.6846e-014	1.1149e-011	7.5722e-014	3.1610e-013	4.1052e-014	1.0160e-005	
"26.06.2024 14:16:20.409"	1.3754e-010	-8.4758e-014	1.1397e-011	7.4466e-014	3.0636e-013	3.9296e-014	1.0160e-005	
"26.06.2024 14:16:20.692"	1.3914e-010	-8.3860e-014	1.0843e-011	7.6669e-014	3.1862e-013	4.2253e-014	1.0164e-005	
"26.06.2024 14:16:20.976"	1.3730e-010	-8.4626e-014	1.1106e-011	7.5795e-014	3.1647e-013	4.0875e-014	1.0164e-005	
"26.06.2024 14:16:21.259"	1.3733e-010	-8.5535e-014	1.1381e-011	7.4664e-014	3.0736e-013	4.0032e-014	1.0164e-005	
"26.06.2024 14:16:21.543"	1.3911e-010	-8.5459e-014	1.0809e-011	7.8808e-014	3.0979e-013	4.1172e-014	1.0164e-005	
"26.06.2024 14:16:21.826"	1.3765e-010	-8.6318e-014	1.1123e-011	7.6053e-014	3.1790e-013	4.1493e-014	1.0170e-005	
"26.06.2024 14:16:22.110"	1.3701e-010	-8.5231e-014	1.1292e-011	7.3028e-014	2.9927e-013	3.7890e-014	1.0170e-005	
"26.06.2024 14:16:22.393"	1.3876e-010	-8.3762e-014	1.0776e-011	7.8532e-014	3.1028e-013	4.0155e-014	1.0170e-005	
"26.06.2024 14:16:22.676"	1.3838e-010	-8.9316e-014	1.1121e-011	7.7174e-014	3.1304e-013	4.0488e-014	1.0161e-005	
"26.06.2024 14:16:22.960"	1.3704e-010	-8.7438e-014	1.1302e-011	7.6099e-014	2.9743e-013	3.8034e-014	1.0161e-005	
"26.06.2024 14:16:23.243"	1.3866e-010	-8.4137e-014	1.0802e-011	7.7392e-014	3.0557e-013	4.0184e-014	1.0161e-005	
"26.06.2024 14:16:23.527"	1.3864e-010	-8.6167e-014	1.1098e-011	7.6043e-014	3.1301e-013	4.0574e-014	1.0161e-005	
"26.06.2024 14:16:23.810"	1.3711e-010	-8.6901e-014	1.1310e-011	7.6759e-014	2.9439e-013	3.7064e-014	1.0172e-005	
"26.06.2024 14:16:24.094"	1.3847e-010	-8.6827e-014	1.0776e-011	7.9058e-014	3.0469e-013	3.8842e-014	1.0172e-005	
"26.06.2024 14:16:24.377"	1.3916e-010	-8.7394e-014	1.1055e-011	7.6201e-014	3.0950e-013	4.0850e-014	1.0172e-005	
"26.06.2024 14:16:24.660"	1.3699e-010	-8.7697e-014	1.1349e-011	7.4729e-014	2.9372e-013	3.6403e-014	1.0172e-005	
"26.06.2024 14:16:24.944"	1.3867e-010	-8.5060e-014	1.0785e-011	7.7029e-014	3.0388e-013	3.9095e-014	1.0179e-005	
"26.06.2024 14:16:25.229"	1.3886e-010	-8.7648e-014	1.1062e-011	7.6650e-014	3.1188e-013	3.9503e-014	1.0179e-005	
"26.06.2024 14:16:25.513"	1.3703e-010	-8.6666e-014	1.1329e-011	7.3167e-014	2.9602e-013	3.6407e-014	1.0179e-005	
"26.06.2024 14:16:25.796"	1.3872e-010	-8.5297e-014	1.0825e-011	7.8320e-014	3.0127e-013	3.7998e-014	1.0179e-005	
"26.06.2024 14:16:26.080"	1.3920e-010	-8.6073e-014	1.1067e-011	7.4731e-014	3.0594e-013	3.9126e-014	1.0166e-005	
"26.06.2024 14:16:26.364"	1.3679e-010	-9.1023e-014	1.1285e-011	7.2724e-014	2.8659e-013	3.5777e-014	1.0166e-005	
"26.06.2024 14:16:26.647"	1.3863e-010	-8.6274e-014	1.0847e-011	7.8855e-014	2.9766e-013	3.7311e-014	1.0166e-005	
"26.06.2024 14:16:26.931"	1.3959e-010	-8.6308e-014	1.1056e-011	7.5186e-014	3.0631e-013	3.8849e-014	1.0166e-005	
"26.06.2024 14:16:27.214"	1.3647e-010	-8.5555e-014	1.1212e-011	7.4143e-014	2.9265e-013	3.5482e-014	1.0166e-005	
"26.06.2024 14:16:27.498"	1.3846e-010	-8.5679e-014	1.0908e-011	7.8885e-014	2.9930e-013	3.6924e-014	1.0166e-005	
"26.06.2024 14:16:27.781"	1.3991e-010	-8.7013e-014	1.1088e-011	7.7316e-014	3.0390e-013	3.8780e-014	1.0166e-005	
"26.06.2024 14:16:28.064"	1.3677e-010	-8.4359e-014	1.1310e-011	7.5131e-014	2.8828e-013	3.4819e-014	1.0166e-005	
"26.06.2024 14:16:28.349"	1.3839e-010	-8.9770e-014	1.0871e-011	7.8862e-014	2.9344e-013	3.5824e-014	1.0168e-005	
"26.06.2024 14:16:28.632"	1.3988e-010	-8.7333e-014	1.1025e-011	7.6493e-014	2.9875e-013	3.8120e-014	1.0168e-005	
"26.06.2024 14:16:28.916"	1.3658e-010	-8.6370e-014	1.1241e-011	7.4814e-014	2.8490e-013	3.3891e-014	1.0168e-005	
"26.06.2024 14:16:29.199"	1.3853e-010	-8.5051e-014	1.0918e-011	7.8757e-014	2.8713e-013	3.5327e-014	1.0168e-005	
"26.06.2024 14:16:29.483"	1.3984e-010	-8.8404e-014	1.1052e-011	7.7408e-014	2.9702e-013	3.7236e-014	1.0172e-005	
"26.06.2024 14:16:29.766"	1.3622e-010	-8.5262e-014	1.1300e-011	7.4358e-014	2.8525e-013	3.4120e-014	1.0172e-005	
"26.06.2024 14:16:30.050"	1.3857e-010	-8.7471e-014	1.0979e-011	7.9164e-014	2.9066e-013	3.5831e-014	1.0172e-005	
"26.06.2024 14:16:30.333"	1.3996e-010	-8.5772e-014	1.1047e-011	7.5401e-014	2.9292e-013	3.6376e-014	1.0173e-005	
"26.06.2024 14:16:30.617"	1.3607e-010	-8.9243e-014	1.1229e-011	7.3834e-014	2.7932e-013	3.3144e-014	1.0173e-005	
"26.06.2024 14:16:30.900"	1.3822e-010	-8.5635e-014	1.1085e-011	7.8683e-014	2.8581e-013	3.4588e-014	1.0173e-005	
"26.06.2024 14:16:31.183"	1.3998e-010	-8.7332e-014	1.1032e-011	7.5178e-014	2.9220e-013	3.5820e-014	1.0173e-005	
"26.06.2024 14:16:31.467"	1.3614e-010	-8.2651e-014	1.1261e-011	7.2806e-014	2.8185e-013	3.2836e-014	1.0182e-005	
"26.06.2024 14:16:31.750"	1.3807e-010	-8.7650e-014	1.1154e-011	7.8469e-014	2.8230e-013	3.3673e-014	1.0182e-005	
"26.06.2024 14:16:32.034"	1.3971e-010	-8.4871e-014	1.1011e-011	7.7314e-014	2.9350e-013	3.6233e-014	1.0182e-005	
"26.06.2024 14:16:32.317"	1.3600e-010	-8.7608e-014	1.1264e-011	7.4636e-014	2.8030e-013	3.2267e-014	1.0182e-005	
"26.06.2024 14:16:32.600"	1.3812e-010	-8.6066e-014	1.1186e-011	7.9232e-014	2.7998e-013	3.2900e-014	1.0182e-005	
"26.06.2024 14:16:32.884"	1.3972e-010	-8.6779e-014	1.0975e-011	7.7563e-014	2.9108e-013	3.5399e-014	1.0182e-005	
"26.06.2024 14:16:33.167"	1.3597e-010	-8.9704e-014	1.1245e-011	7.4815e-014	2.7755e-013	3.2652e-014	1.0182e-005	
"26.06.2024 14:16:33.451"	1.3804e-010	-8.2689e-014	1.1242e-011	7.7660e-014	2.7725e-013	3.2014e-014	1.0182e-005	
"26.06.2024 14:16:33.734"	1.3957e-010	-8.5880e-014	1.0974e-011	7.6018e-014	2.8922e-013	3.5066e-014	1.0186e-005	
"26.06.2024 14:16:34.018"	1.3589e-010	-8.6565e-014	1.1242e-011	7.5714e-014	2.7758e-013	3.1978e-014	1.0186e-005	
"26.06.2024 14:16:34.301"	1.3816e-010	-8.6617e-014	1.1291e-011	7.7106e-014	2.7728e-013	3.2909e-014	1.0186e-005	
"26.06.2024 14:16:34.585"	1.3968e-010	-8.7364e-014	1.0938e-011	7.6553e-014	2.8399e-013	3.3972e-014	1.0186e-005	
"26.06.2024 14:16:34.868"	1.3575e-010	-8.5062e-014	1.1195e-011	7.5420e-014	2.7684e-013	3.1434e-014	1.0186e-005	
"26.06.2024 14:16:35.152"	1.3786e-010	-8.5709e-014	1.1337e-011	7.7541e-014	2.7258e-013	3.1806e-014	1.0186e-005	
"26.06.2024 14:16:35.435"	1.3968e-010	-8.2685e-014	1.0931e-011	7.7399e-014	2.8414e-013	3.3465e-014	1.0186e-005	
"26.06.2024 14:16:35.719"	1.3594e-010	-8.6380e-014	1.1165e-011	7.5695e-014	2.7647e-013	3.1452e-014	1.0186e-005	
"26.06.2024 14:16:36.002"	1.3773e-010	-8.6681e-014	1.1360e-011	7.6599e-014	2.7333e-013	3.1829e-014	1.0185e-005	
"26.06.2024 14:16:36.285"	1.3952e-010	-8.5572e-014	1.0911e-011	7.8034e-014	2.7647e-013	3.3549e-014	1.0185e-005	
"26.06.2024 14:16:36.569"	1.3613e-010	-8.5002e-014	1.1169e-011	7.4637e-014	2.7485e-013	3.1911e-014	1.0185e-005	
"26.06.2024 14:16:36.852"	1.3763e-010	-8.3598e-014	1.1396e-011	7.5492e-014	2.6841e-013	3.1006e-014	1.0188e-005	
"26.06.2024 14:16:37.136"	1.3930e-010	-8.7795e-014	1.0863e-011	7.6777e-014	2.7614e-013	3.3200e-014	1.0188e-005	
"26.06.2024 14:16:37.419"	1.3651e-010	-8.8206e-014	1.1154e-011	7.4642e-014	2.7282e-013	3.1262e-014	1.0188e-005	
"26.06.2024 14:16:37.702"	1.3780e-010	-8.7903e-014	1.1366e-011	7.4442e-014	2.6548e-013	3.0658e-014	1.0188e-005	
"26.06.2024 14:16:37.986"	1.3921e-010	-8.2906e-014	1.0827e-011	7.7826e-014	2.7689e-013	3.2166e-014	1.0185e-005	
"26.06.2024 14:16:38.269"	1.3671e-010	-8.4969e-014	1.1180e-011	7.4748e-014	2.7732e-013	3.1562e-014	1.0185e-005	
"26.06.2024 14:16:38.553"	1.3771e-010	-8.3117e-014	1.1410e-011	7.3326e-014	2.6898e-013	3.0795e-014	1.0185e-005	
"26.06.2024 14:16:38.837"	1.3934e-010	-8.7402e-014	1.0872e-011	7.6198e-014	2.7554e-013	3.2022e-014	1.0185e-005	
"26.06.2024 14:16:39.120"	1.3715e-010	-9.0094e-014	1.1122e-011	7.6031e-014	2.7116e-013	3.0720e-014	1.0188e-005	
"26.06.2024 14:16:39.403"	1.3751e-010	-8.6603e-014	1.1343e-011	7.6081e-014	2.5762e-013	2.9752e-014	1.0188e-005	
"26.06.2024 14:16:39.687"	1.3920e-010	-9.0451e-014	1.0840e-011	7.7767e-014	2.6890e-013	3.1846e-014	1.0188e-005	
"26.06.2024 14:16:39.970"	1.3710e-010	-9.0682e-014	1.1202e-011	7.5794e-014	2.7337e-013	3.0427e-014	1.0188e-005	
"26.06.2024 14:16:40.255"	1.3738e-010	-8.7199e-014	1.1383e-011	7.5174e-014	2.5919e-013	2.9104e-014	1.0180e-005	
"26.06.2024 14:16:40.539"	1.3906e-010	-8.8345e-014	1.0820e-011	7.5767e-014	2.7083e-013	3.1486e-014	1.0180e-005	
"26.06.2024 14:16:40.822"	1.3736e-010	-8.6618e-014	1.1109e-011	7.5451e-014	2.7013e-013	3.0826e-014	1.0180e-005	
"26.06.2024 14:16:41.106"	1.3765e-010	-8.9236e-014	1.1376e-011	7.4329e-014	2.5996e-013	2.9770e-014	1.0180e-005	
"26.06.2024 14:16:41.390"	1.3900e-010	-8.6861e-014	1.0858e-011	7.7249e-014	2.6633e-013	3.0563e-014	1.0185e-005	
"26.06.2024 14:16:41.673"	1.3733e-010	-8.3175e-014	1.1146e-011	7.6090e-014	2.6750e-013	2.9801e-014	1.0185e-005	
"26.06.2024 14:16:41.958"	1.3765e-010	-8.6665e-014	1.1401e-011	7.3721e-014	2.5972e-013	2.8899e-014	1.0185e-005	
"26.06.2024 14:16:42.241"	1.3915e-010	-8.5086e-014	1.0833e-011	7.6919e-014	2.6528e-013	3.0114e-014	1.0185e-005	
"26.06.2024 14:16:42.524"	1.3781e-010	-8.4843e-014	1.1111e-011	7.5747e-014	2.7183e-013	3.0524e-014	1.0185e-005	
"26.06.2024 14:16:42.808"	1.3731e-010	-8.4761e-014	1.1391e-011	7.4272e-014	2.5975e-013	2.9322e-014	1.0185e-005	
"26.06.2024 14:16:43.093"	1.3922e-010	-8.9209e-014	1.0849e-011	7.5132e-014	2.6287e-013	2.9893e-014	1.0185e-005	
"26.06.2024 14:16:43.377"	1.3761e-010	-8.8303e-014	1.1148e-011	7.5889e-014	2.6615e-013	3.0009e-014	1.0185e-005	
"26.06.2024 14:16:43.660"	1.3728e-010	-8.4806e-014	1.1348e-011	7.3723e-014	2.5919e-013	2.8718e-014	1.0186e-005	
"26.06.2024 14:16:43.944"	1.3898e-010	-8.7192e-014	1.0844e-011	7.6747e-014	2.6348e-013	2.9905e-014	1.0186e-005	
"26.06.2024 14:16:44.227"	1.3811e-010	-8.6105e-014	1.1174e-011	7.4953e-014	2.6473e-013	3.0027e-014	1.0186e-005	
"26.06.2024 14:16:44.510"	1.3735e-010	-8.6583e-014	1.1371e-011	7.4171e-014	2.5253e-013	2.6958e-014	1.0185e-005	
"26.06.2024 14:16:44.794"	1.3894e-010	-8.9279e-014	1.0784e-011	7.6769e-014	2.6367e-013	2.9342e-014	1.0185e-005	
"26.06.2024 14:16:45.078"	1.3842e-010	-8.6707e-014	1.1135e-011	7.5451e-014	2.6502e-013	2.9564e-014	1.0185e-005	
"26.06.2024 14:16:45.361"	1.3721e-010	-8.8817e-014	1.1341e-011	7.2462e-014	2.5058e-013	2.8234e-014	1.0185e-005	
"26.06.2024 14:16:45.644"	1.3868e-010	-8.3510e-014	1.0793e-011	7.6932e-014	2.5985e-013	2.9023e-014	1.0188e-005	
"26.06.2024 14:16:45.928"	1.3890e-010	-8.6705e-014	1.1088e-011	7.5914e-014	2.6640e-013	2.9687e-014	1.0188e-005	
"26.06.2024 14:16:46.211"	1.3736e-010	-8.5470e-014	1.1334e-011	7.5688e-014	2.5197e-013	2.8184e-014	1.0188e-005	
"26.06.2024 14:16:46.495"	1.3869e-010	-8.7170e-014	1.0803e-011	7.8080e-014	2.5745e-013	2.8210e-014	1.0188e-005	
"26.06.2024 14:16:46.778"	1.3943e-010	-8.3560e-014	1.1097e-011	7.5980e-014	2.6282e-013	2.9431e-014	1.0188e-005	
"26.06.2024 14:16:47.062"	1.3700e-010	-8.8184e-014	1.1345e-011	7.5815e-014	2.4683e-013	2.7118e-014	1.0188e-005	
"26.06.2024 14:16:47.345"	1.3893e-010	-8.6753e-014	1.0836e-011	7.8438e-014	2.5476e-013	2.8205e-014	1.0188e-005	
"26.06.2024 14:16:47.629"	1.3960e-010	-9.3423e-014	1.1024e-011	7.6597e-014	2.6035e-013	2.9100e-014	1.0188e-005	
"26.06.2024 14:16:47.912"	1.3659e-010	-8.4700e-014	1.1307e-011	7.3930e-014	2.4706e-013	2.6829e-014	1.0183e-005	
"26.06.2024 14:16:48.196"	1.3868e-010	-8.6937e-014	1.0872e-011	7.7324e-014	2.5320e-013	2.7818e-014	1.0183e-005	
"26.06.2024 14:16:48.479"	1.3995e-010	-8.6653e-014	1.1111e-011	7.5575e-014	2.6290e-013	2.8919e-014	1.0183e-005	
"26.06.2024 14:16:48.762"	1.3676e-010	-8.7433e-014	1.1296e-011	7.5977e-014	2.4256e-013	2.6348e-014	1.0183e-005	
"26.06.2024 14:16:49.046"	1.3845e-010	-8.7267e-014	1.0912e-011	7.8076e-014	2.5139e-013	2.7769e-014	1.0189e-005	
"26.06.2024 14:16:49.329"	1.4010e-010	-8.5278e-014	1.1028e-011	7.5642e-014	2.6019e-013	2.8974e-014	1.0189e-005	
"26.06.2024 14:16:49.613"	1.3653e-010	-8.5855e-014	1.1338e-011	7.4919e-014	2.4436e-013	2.6130e-014	1.0189e-005	
"26.06.2024 14:16:49.896"	1.3841e-010	-8.8033e-014	1.1023e-011	7.7579e-014	2.4797e-013	2.7125e-014	1.0189e-005	
"26.06.2024 14:16:50.179"	1.3985e-010	-8.7433e-014	1.1010e-011	7.6496e-014	2.5566e-013	2.8116e-014	1.0185e-005	
"26.06.2024 14:16:50.463"	1.3621e-010	-8.5117e-014	1.1286e-011	7.3910e-014	2.4634e-013	2.6121e-014	1.0185e-005	
"26.06.2024 14:16:50.746"	1.3849e-010	-8.8371e-014	1.1079e-011	7.8885e-014	2.5076e-013	2.7282e-014	1.0185e-005	
"26.06.2024 14:16:51.030"	1.3989e-010	-8.5382e-014	1.0970e-011	7.6272e-014	2.5700e-013	2.8931e-014	1.0190e-005	
"26.06.2024 14:16:51.313"	1.3607e-010	-8.5321e-014	1.1215e-011	7.5893e-014	2.4530e-013	2.6059e-014	1.0190e-005	
"26.06.2024 14:16:51.597"	1.3827e-010	-8.6798e-014	1.1143e-011	7.9227e-014	2.4849e-013	2.6659e-014	1.0190e-005	
"26.06.2024 14:16:51.880"	1.4000e-010	-8.5792e-014	1.1071e-011	7.5893e-014	2.5426e-013	2.8501e-014	1.0190e-005	
"26.06.2024 14:16:52.164"	1.3598e-010	-8.8160e-014	1.1268e-011	7.5374e-014	2.3843e-013	2.5518e-014	1.0185e-005	
"26.06.2024 14:16:52.447"	1.3824e-010	-8.8250e-014	1.1178e-011	7.6264e-014	2.4275e-013	2.6500e-014	1.0185e-005	
"26.06.2024 14:16:52.731"	1.3982e-010	-8.6629e-014	1.1004e-011	7.4811e-014	2.4632e-013	2.7387e-014	1.0185e-005	
"26.06.2024 14:16:53.014"	1.3589e-010	-8.9339e-014	1.1192e-011	7.3474e-014	2.3902e-013	2.5716e-014	1.0185e-005	
"26.06.2024 14:16:53.298"	1.3801e-010	-8.7087e-014	1.1215e-011	7.7038e-014	2.4267e-013	2.5828e-014	1.0184e-005	
"26.06.2024 14:16:53.581"	1.3970e-010	-8.8913e-014	1.0967e-011	7.6905e-014	2.4939e-013	2.7454e-014	1.0184e-005	
"26.06.2024 14:16:53.864"	1.3608e-010	-8.4513e-014	1.1209e-011	7.4847e-014	2.4249e-013	2.5232e-014	1.0184e-005	
"26.06.2024 14:16:54.148"	1.3790e-010	-8.5691e-014	1.1283e-011	7.7403e-014	2.4289e-013	2.5363e-014	1.0184e-005	
"26.06.2024 14:16:54.431"	1.3950e-010	-8.8804e-014	1.0935e-011	7.4902e-014	2.4640e-013	2.6729e-014	1.0190e-005	
"26.06.2024 14:16:54.715"	1.3581e-010	-8.8848e-014	1.1255e-011	7.4697e-014	2.4039e-013	2.5238e-014	1.0190e-005	
"26.06.2024 14:16:54.998"	1.3819e-010	-8.6708e-014	1.1301e-011	8.0370e-014	2.3994e-013	2.5755e-014	1.0190e-005	
"26.06.2024 14:16:55.283"	1.3948e-010	-8.5945e-014	1.0934e-011	7.7515e-014	2.4157e-013	2.6227e-014	1.0190e-005	
"26.06.2024 14:16:55.567"	1.3584e-010	-8.4661e-014	1.1221e-011	7.3467e-014	2.3780e-013	2.4558e-014	1.0187e-005	
"26.06.2024 14:16:55.850"	1.3797e-010	-8.8168e-014	1.1299e-011	7.8806e-014	2.3842e-013	2.5519e-014	1.0187e-005	
"26.06.2024 14:16:56.134"	1.3982e-010	-8.9561e-014	1.0958e-011	7.5555e-014	2.3979e-013	2.5832e-014	1.0187e-005	
"26.06.2024 14:16:56.418"	1.3599e-010	-8.5857e-014	1.1199e-011	7.4516e-014	2.3672e-013	2.4538e-014	1.0187e-005	
"26.06.2024 14:16:56.702"	1.3779e-010	-8.6252e-014	1.1312e-011	7.7094e-014	2.3175e-013	2.4924e-014	1.0196e-005	
"26.06.2024 14:16:56.986"	1.3947e-010	-8.8358e-014	1.0942e-011	7.6605e-014	2.4625e-013	2.6181e-014	1.0196e-005	
"26.06.2024 14:16:57.269"	1.3589e-010	-8.7949e-014	1.1230e-011	7.3387e-014	2.3501e-013	2.4313e-014	1.0196e-005	
"26.06.2024 14:16:57.553"	1.3811e-010	-8.7157e-014	1.1373e-011	7.7021e-014	2.3374e-013	2.4763e-014	1.0196e-005	
"26.06.2024 14:16:57.836"	1.3971e-010	-8.7255e-014	1.0991e-011	7.5804e-014	2.4501e-013	2.6032e-014	1.0196e-005	
"26.06.2024 14:16:58.121"	1.3587e-010	-8.8858e-014	1.1179e-011	7.5310e-014	2.3034e-013	2.4380e-014	1.0196e-005	
"26.06.2024 14:16:58.405"	1.3779e-010	-8.7234e-014	1.1332e-011	7.7623e-014	2.3088e-013	2.4580e-014	1.0196e-005	
"26.06.2024 14:16:58.688"	1.3962e-010	-8.4211e-014	1.0936e-011	7.7376e-014	2.4057e-013	2.5361e-014	1.0188e-005	
"26.06.2024 14:16:58.972"	1.3597e-010	-8.4633e-014	1.1251e-011	7.4125e-014	2.3630e-013	2.4473e-014	1.0188e-005	
"26.06.2024 14:16:59.255"	1.3803e-010	-8.6478e-014	1.1357e-011	7.7474e-014	2.3193e-013	2.4512e-014	1.0188e-005	
"26.06.2024 14:16:59.538"	1.3940e-010	-8.8806e-014	1.0873e-011	7.6529e-014	2.3784e-013	2.4799e-014	1.0188e-005	
"26.06.2024 14:16:59.822"	1.3609e-010	-9.0266e-014	1.1173e-011	7.5513e-014	2.3786e-013	2.4464e-014	1.0185e-005	
"26.06.2024 14:17:00.105"	1.3790e-010	-8.3749e-014	1.1418e-011	7.5252e-014	2.2916e-013	2.4083e-014	1.0185e-005	
"26.06.2024 14:17:00.389"	1.3955e-010	-9.1423e-014	1.0946e-011	7.7203e-014	2.3477e-013	2.5268e-014	1.0185e-005	
"26.06.2024 14:17:00.672"	1.3638e-010	-8.6735e-014	1.1208e-011	7.5289e-014	2.3337e-013	2.4004e-014	1.0185e-005	
"26.06.2024 14:17:00.956"	1.3767e-010	-8.4994e-014	1.1390e-011	7.6123e-014	2.2642e-013	2.4234e-014	1.0185e-005	
"26.06.2024 14:17:01.239"	1.3942e-010	-8.4686e-014	1.0887e-011	7.6720e-014	2.3513e-013	2.4418e-014	1.0185e-005	
"26.06.2024 14:17:01.523"	1.3644e-010	-8.7677e-014	1.1210e-011	7.6300e-014	2.3249e-013	2.3764e-014	1.0185e-005	
"26.06.2024 14:17:01.806"	1.3779e-010	-8.5244e-014	1.1408e-011	7.5193e-014	2.2290e-013	2.3546e-014	1.0185e-005	
"26.06.2024 14:17:02.090"	1.3928e-010	-8.4749e-014	1.0842e-011	7.7670e-014	2.3641e-013	2.4775e-014	1.0185e-005	
"26.06.2024 14:17:02.373"	1.3684e-010	-8.6531e-014	1.1182e-011	7.5463e-014	2.3675e-013	2.4195e-014	1.0185e-005	
"26.06.2024 14:17:02.657"	1.3751e-010	-8.5662e-014	1.1403e-011	7.4171e-014	2.2345e-013	2.3174e-014	1.0185e-005	
"26.06.2024 14:17:02.940"	1.3904e-010	-8.5628e-014	1.0847e-011	7.6759e-014	2.3542e-013	2.4397e-014	1.0185e-005	
"26.06.2024 14:17:03.223"	1.3746e-010	-8.6160e-014	1.1160e-011	7.6307e-014	2.3243e-013	2.3805e-014	1.0184e-005	
"26.06.2024 14:17:03.507"	1.3762e-010	-8.7352e-014	1.1425e-011	7.4826e-014	2.2377e-013	2.3362e-014	1.0184e-005	
"26.06.2024 14:17:03.790"	1.3915e-010	-8.6345e-014	1.0835e-011	7.7832e-014	2.2861e-013	2.3904e-014	1.0184e-005	
"26.06.2024 14:17:04.074"	1.3797e-010	-8.4821e-014	1.1130e-011	7.4274e-014	2.3625e-013	2.3828e-014	1.0184e-005	
"26.06.2024 14:17:04.357"	1.3750e-010	-8.4419e-014	1.1361e-011	7.3436e-014	2.2266e-013	2.2878e-014	1.0191e-005	
"26.06.2024 14:17:04.641"	1.3916e-010	-8.5825e-014	1.0827e-011	7.7069e-014	2.2930e-013	2.3970e-014	1.0191e-005	
"26.06.2024 14:17:04.924"	1.3847e-010	-8.7306e-014	1.1132e-011	7.5157e-014	2.3147e-013	2.3928e-014	1.0191e-005	
"26.06.2024 14:17:05.207"	1.3721e-010	-8.4656e-014	1.1366e-011	7.4261e-014	2.2008e-013	2.2527e-014	1.0201e-005	
"26.06.2024 14:17:05.491"	1.3902e-010	-8.9233e-014	1.0860e-011	7.8260e-014	2.3002e-013	2.3462e-014	1.0201e-005	
"26.06.2024 14:17:05.775"	1.3884e-010	-8.7194e-014	1.1121e-011	7.4810e-014	2.3684e-013	2.3583e-014	1.0201e-005	
"26.06.2024 14:17:06.058"	1.3693e-010	-8.4233e-014	1.1301e-011	7.5362e-014	2.1674e-013	2.2584e-014	1.0201e-005	
"26.06.2024 14:17:06.341"	1.3869e-010	-8.6448e-014	1.0821e-011	8.0550e-014	2.3015e-013	2.3512e-014	1.0199e-005	
"26.06.2024 14:17:06.625"	1.3921e-010	-8.8883e-014	1.1101e-011	7.6083e-014	2.3021e-013	2.4045e-014	1.0199e-005	
"26.06.2024 14:17:06.908"	1.3722e-010	-8.7214e-014	1.1348e-011	7.3030e-014	2.2049e-013	2.2419e-014	1.0199e-005	
"26.06.2024 14:17:07.192"	1.3867e-010	-8.3269e-014	1.0837e-011	7.9309e-014	2.2632e-013	2.3122e-014	1.0199e-005	
"26.06.2024 14:17:07.475"	1.3968e-010	-8.4157e-014	1.1093e-011	7.4845e-014	2.2877e-013	2.3636e-014	1.0202e-005	
"26.06.2024 14:17:07.759"	1.3706e-010	-8.8296e-014	1.1311e-011	7.3320e-014	2.1943e-013	2.2000e-014	1.0202e-005	
"26.06.2024 14:17:08.042"	1.3865e-010	-8.3813e-014	1.0889e-011	7.7876e-014	2.1893e-013	2.2761e-014	1.0202e-005	
"26.06.2024 14:17:08.325"	1.3979e-010	-8.2640e-014	1.1067e-011	7.5540e-014	2.2492e-013	2.3379e-014	1.0202e-005	
"26.06.2024 14:17:08.609"	1.3673e-010	-8.6693e-014	1.1293e-011	7.4393e-014	2.1377e-013	2.1600e-014	1.0202e-005	
"26.06.2024 14:17:08.892"	1.3872e-010	-8.5879e-014	1.0929e-011	7.8493e-014	2.1819e-013	2.3064e-014	1.0202e-005	
"26.06.2024 14:17:09.176"	1.4006e-010	-8.3129e-014	1.1044e-011	7.5204e-014	2.2315e-013	2.2926e-014	1.0202e-005	
"26.06.2024 14:17:09.459"	1.3646e-010	-8.5564e-014	1.1274e-011	7.5658e-014	2.1500e-013	2.1610e-014	1.0202e-005	
"26.06.2024 14:17:09.742"	1.3852e-010	-8.6248e-014	1.0991e-011	7.9427e-014	2.1791e-013	2.2202e-014	1.0184e-005	
"26.06.2024 14:17:10.026"	1.4008e-010	-9.1944e-014	1.1100e-011	7.6136e-014	2.2431e-013	2.2991e-014	1.0184e-005	
"26.06.2024 14:17:10.311"	1.3630e-010	-8.5393e-014	1.1285e-011	7.4705e-014	2.1257e-013	2.1049e-014	1.0184e-005	
"26.06.2024 14:17:10.595"	1.3851e-010	-8.7062e-014	1.1017e-011	7.7758e-014	2.1868e-013	2.2264e-014	1.0184e-005	
"26.06.2024 14:17:10.878"	1.4010e-010	-8.7180e-014	1.1068e-011	7.5782e-014	2.2343e-013	2.2737e-014	1.0188e-005	
"26.06.2024 14:17:11.163"	1.3637e-010	-8.5653e-014	1.1267e-011	7.4777e-014	2.1527e-013	2.1294e-014	1.0188e-005	
"26.06.2024 14:17:11.446"	1.3833e-010	-8.8252e-014	1.1047e-011	7.9408e-014	2.1770e-013	2.2000e-014	1.0188e-005	
"26.06.2024 14:17:11.729"	1.4021e-010	-8.5642e-014	1.1088e-011	7.6542e-014	2.2229e-013	2.3463e-014	1.0188e-005	
"26.06.2024 14:17:12.014"	1.3659e-010	-8.7220e-014	1.1306e-011	7.5292e-014	2.1317e-013	2.1186e-014	1.0186e-005	
"26.06.2024 14:17:12.297"	1.3845e-010	-8.5069e-014	1.1069e-011	7.9546e-014	2.1195e-013	2.1241e-014	1.0186e-005	
"26.06.2024 14:17:12.581"	1.4000e-010	-8.4670e-014	1.1025e-011	7.4795e-014	2.2543e-013	2.2787e-014	1.0186e-005	
"26.06.2024 14:17:12.864"	1.3645e-010	-8.6323e-014	1.1285e-011	7.5285e-014	2.1292e-013	2.1011e-014	1.0188e-005	
"26.06.2024 14:17:13.148"	1.3850e-010	-8.4688e-014	1.1098e-011	7.8617e-014	2.1408e-013	2.1920e-014	1.0188e-005	
"26.06.2024 14:17:13.432"	1.3979e-010	-8.8727e-014	1.1007e-011	7.5811e-014	2.2153e-013	2.2094e-014	1.0188e-005	
"26.06.2024 14:17:13.715"	1.3624e-010	-8.6770e-014	1.1304e-011	7.4110e-014	2.1189e-013	2.0911e-014	1.0188e-005	
"26.06.2024 14:17:13.998"	1.3847e-010	-8.5005e-014	1.1211e-011	7.7460e-014	2.1084e-013	2.1826e-014	1.0197e-005	
"26.06.2024 14:17:14.282"	1.3977e-010	-8.4165e-014	1.1027e-011	7.6082e-014	2.1990e-013	2.2678e-014	1.0197e-005	
"26.06.2024 14:17:14.565"	1.3607e-010	-8.8314e-014	1.1223e-011	7.2960e-014	2.1152e-013	2.0926e-014	1.0197e-005	
"26.06.2024 14:17:14.849"	1.3847e-010	-8.4914e-014	1.1190e-011	7.9389e-014	2.1052e-013	2.1172e-014	1.0197e-005	
"26.06.2024 14:17:15.133"	1.3999e-010	-8.3556e-014	1.1025e-011	7.6728e-014	2.1654e-013	2.1852e-014	1.0199e-005	
"26.06.2024 14:17:15.416"	1.3595e-010	-8.3743e-014	1.1220e-011	7.5635e-014	2.1111e-013	2.0590e-014	1.0199e-005	
"26.06.2024 14:17:15.700"	1.3827e-010	-8.6754e-014	1.1287e-011	7.8659e-014	2.1411e-013	2.1539e-014	1.0199e-005	
"26.06.2024 14:17:15.983"	1.3991e-010	-8.5340e-014	1.1018e-011	7.5407e-014	2.1502e-013	2.1665e-014	1.0199e-005	
"26.06.2024 14:17:16.267"	1.3592e-010	-8.5820e-014	1.1228e-011	7.5845e-014	2.1312e-013	2.0412e-014	1.0206e-005	
"26.06.2024 14:17:16.550"	1.3787e-010	-8.9800e-014	1.1360e-011	7.6673e-014	2.0572e-013	2.0950e-014	1.0206e-005	
"26.06.2024 14:17:16.834"	1.3971e-010	-8.6734e-014	1.0962e-011	7.6210e-014	2.1499e-013	2.1424e-014	1.0206e-005	
"26.06.2024 14:17:17.117"	1.3606e-010	-8.4162e-014	1.1233e-011	7.4993e-014	2.1039e-013	2.0532e-014	1.0206e-005	
"26.06.2024 14:17:17.400"	1.3810e-010	-8.5993e-014	1.1363e-011	7.6897e-014	2.0417e-013	2.0355e-014	1.0205e-005	
"26.06.2024 14:17:17.684"	1.3957e-010	-8.4181e-014	1.0928e-011	7.6512e-014	2.0752e-013	2.1101e-014	1.0205e-005	
"26.06.2024 14:17:17.967"	1.3605e-010	-8.1942e-014	1.1250e-011	7.4125e-014	2.1300e-013	2.0533e-014	1.0205e-005	
"26.06.2024 14:17:18.251"	1.3787e-010	-8.7495e-014	1.1412e-011	7.6549e-014	2.0069e-013	1.9984e-014	1.0205e-005	
"26.06.2024 14:17:18.534"	1.3940e-010	-8.4362e-014	1.0896e-011	7.6504e-014	2.1002e-013	2.1514e-014	1.0215e-005	
"26.06.2024 14:17:18.817"	1.3639e-010	-8.3863e-014	1.1185e-011	7.5492e-014	2.0838e-013	2.0096e-014	1.0215e-005	
"26.06.2024 14:17:19.101"	1.3795e-010	-9.2762e-014	1.1434e-011	7.4034e-014	2.0209e-013	2.0530e-014	1.0215e-005	
"26.06.2024 14:17:19.385"	1.3933e-010	-8.6807e-014	1.0885e-011	7.8383e-014	2.0893e-013	2.0731e-014	1.0224e-005	
"26.06.2024 14:17:19.668"	1.3660e-010	-8.4230e-014	1.1186e-011	7.5901e-014	2.1088e-013	2.0183e-014	1.0224e-005	
"26.06.2024 14:17:19.952"	1.3794e-010	-8.4670e-014	1.1442e-011	7.2241e-014	2.0431e-013	2.0173e-014	1.0224e-005	
"26.06.2024 14:17:20.235"	1.3948e-010	-8.7350e-014	1.0855e-011	7.7281e-014	2.0858e-013	2.0914e-014	1.0224e-005	
"26.06.2024 14:17:20.518"	1.3723e-010	-8.4680e-014	1.1142e-011	7.6928e-014	2.1109e-013	2.0803e-014	1.0199e-005	
"26.06.2024 14:17:20.802"	1.3751e-010	-8.4336e-014	1.1366e-011	7.2784e-014	1.9974e-013	1.9567e-014	1.0199e-005	
"26.06.2024 14:17:21.085"	1.3937e-010	-8.3314e-014	1.0852e-011	7.7646e-014	2.0756e-013	2.0474e-014	1.0199e-005	
"26.06.2024 14:17:21.369"	1.3775e-010	-8.5424e-014	1.1162e-011	7.4667e-014	2.1225e-013	2.0603e-014	1.0199e-005	
"26.06.2024 14:17:21.652"	1.3749e-010	-8.7333e-014	1.1452e-011	7.4172e-014	2.0058e-013	1.9794e-014	1.0197e-005	
"26.06.2024 14:17:21.936"	1.3914e-010	-8.6523e-014	1.0815e-011	7.8497e-014	2.0282e-013	2.0001e-014	1.0197e-005	
"26.06.2024 14:17:22.219"	1.3808e-010	-8.7592e-014	1.1145e-011	7.5639e-014	2.1172e-013	2.0335e-014	1.0197e-005	
"26.06.2024 14:17:22.502"	1.3733e-010	-8.5343e-014	1.1344e-011	7.4597e-014	1.9678e-013	1.9485e-014	1.0197e-005	
"26.06.2024 14:17:22.786"	1.3898e-010	-8.5070e-014	1.0799e-011	7.8458e-014	2.0737e-013	2.0520e-014	1.0190e-005	
"26.06.2024 14:17:23.069"	1.3860e-010	-8.8083e-014	1.1147e-011	7.5078e-014	2.1203e-013	2.0835e-014	1.0190e-005	
"26.06.2024 14:17:23.353"	1.3733e-010	-8.6704e-014	1.1370e-011	7.4737e-014	2.0145e-013	1.8984e-014	1.0190e-005	
"26.06.2024 14:17:23.636"	1.3895e-010	-8.8928e-014	1.0821e-011	7.7516e-014	2.0397e-013	2.0362e-014	1.0190e-005	
"26.06.2024 14:17:23.920"	1.3877e-010	-8.6629e-014	1.1151e-011	7.6239e-014	2.0765e-013	2.0053e-014	1.0190e-005	
"26.06.2024 14:17:24.204"	1.3732e-010	-8.8240e-014	1.1370e-011	7.4516e-014	1.9581e-013	1.8718e-014	1.0190e-005	
"26.06.2024 14:17:24.487"	1.3876e-010	-8.9947e-014	1.0800e-011	7.7570e-014	2.0090e-013	2.0018e-014	1.0190e-005	
"26.06.2024 14:17:24.770"	1.3939e-010	-8.9632e-014	1.1122e-011	7.5536e-014	2.0567e-013	2.0456e-014	1.0190e-005	
"26.06.2024 14:17:25.054"	1.3744e-010	-8.6834e-014	1.1389e-011	7.3977e-014	1.9779e-013	1.9198e-014	1.0197e-005	
"26.06.2024 14:17:25.339"	1.3873e-010	-8.6310e-014	1.0843e-011	7.7858e-014	2.0283e-013	1.9575e-014	1.0197e-005	
"26.06.2024 14:17:25.622"	1.3945e-010	-8.7247e-014	1.1081e-011	7.6444e-014	2.0355e-013	2.0027e-014	1.0197e-005	
"26.06.2024 14:17:25.906"	1.3719e-010	-8.3236e-014	1.1379e-011	7.4473e-014	1.9952e-013	1.9142e-014	1.0201e-005	
"26.06.2024 14:17:26.190"	1.3895e-010	-8.6614e-014	1.0869e-011	7.7014e-014	1.9935e-013	1.9574e-014	1.0201e-005	
"26.06.2024 14:17:26.473"	1.3913e-010	-8.9596e-014	1.1118e-011	7.5474e-014	2.0527e-013	2.0176e-014	1.0201e-005	
"26.06.2024 14:17:26.758"	1.3732e-010	-8.8290e-014	1.1367e-011	7.3158e-014	1.9825e-013	1.9180e-014	1.0201e-005	
"26.06.2024 14:17:27.042"	1.3873e-010	-8.9438e-014	1.0801e-011	7.7080e-014	1.9571e-013	1.9071e-014	1.0226e-005	
"26.06.2024 14:17:27.325"	1.3944e-010	-8.7343e-014	1.1105e-011	7.5862e-014	2.0347e-013	1.9807e-014	1.0226e-005	
"26.06.2024 14:17:27.609"	1.3710e-010	-8.6691e-014	1.1370e-011	7.4268e-014	1.9311e-013	1.9019e-014	1.0226e-005	
"26.06.2024 14:17:27.892"	1.3896e-010	-8.6357e-014	1.0865e-011	7.7863e-014	2.0017e-013	1.9451e-014	1.0226e-005	
"26.06.2024 14:17:28.176"	1.3930e-010	-8.3057e-014	1.1115e-011	7.5958e-014	2.0405e-013	1.9910e-014	1.0209e-005	
"26.06.2024 14:17:28.460"	1.3697e-010	-8.7515e-014	1.1338e-011	7.4144e-014	1.9094e-013	1.8057e-014	1.0209e-005	
"26.06.2024 14:17:28.744"	1.3882e-010	-8.4193e-014	1.0875e-011	7.7983e-014	1.9580e-013	1.9252e-014	1.0209e-005	
"26.06.2024 14:17:29.027"	1.3968e-010	-8.4712e-014	1.1117e-011	7.7167e-014	1.9726e-013	1.9542e-014	1.0209e-005	
"26.06.2024 14:17:29.310"	1.3690e-010	-8.1438e-014	1.1302e-011	7.4661e-014	1.9304e-013	1.8411e-014	1.0209e-005	
"26.06.2024 14:17:29.594"	1.3869e-010	-8.5136e-014	1.0852e-011	7.7339e-014	1.9762e-013	1.8748e-014	1.0209e-005	
"26.06.2024 14:17:29.877"	1.3998e-010	-8.5183e-014	1.1071e-011	7.5981e-014	2.0051e-013	2.0001e-014	1.0209e-005	
"26.06.2024 14:17:30.161"	1.3661e-010	-8.7321e-014	1.1283e-011	7.5926e-014	1.9098e-013	1.8702e-014	1.0209e-005	
"26.06.2024 14:17:30.444"	1.3873e-010	-8.6440e-014	1.0934e-011	7.8401e-014	1.9777e-013	1.9128e-014	1.0212e-005	
"26.06.2024 14:17:30.728"	1.4022e-010	-8.7418e-014	1.1099e-011	7.7235e-014	2.0334e-013	1.9788e-014	1.0212e-005	
"26.06.2024 14:17:31.011"	1.3657e-010	-8.5774e-014	1.1320e-011	7.4327e-014	1.9063e-013	1.8237e-014	1.0212e-005	
"26.06.2024 14:17:31.295"	1.3843e-010	-8.7363e-014	1.1011e-011	7.7906e-014	1.9268e-013	1.8678e-014	1.0212e-005	
"26.06.2024 14:17:31.578"	1.4014e-010	-8.4180e-014	1.1097e-011	7.5695e-014	1.9814e-013	1.9726e-014	1.0202e-005	
"26.06.2024 14:17:31.862"	1.3650e-010	-8.7171e-014	1.1301e-011	7.5629e-014	1.8713e-013	1.7961e-014	1.0202e-005	
"26.06.2024 14:17:32.145"	1.3847e-010	-8.5737e-014	1.1075e-011	7.8735e-014	1.8847e-013	1.8942e-014	1.0202e-005	
"26.06.2024 14:17:32.428"	1.4006e-010	-9.2019e-014	1.1050e-011	7.4107e-014	1.9618e-013	1.9229e-014	1.0202e-005	
"26.06.2024 14:17:32.712"	1.3644e-010	-8.4681e-014	1.1312e-011	7.5446e-014	1.9021e-013	1.8159e-014	1.0201e-005	
"26.06.2024 14:17:32.996"	1.3827e-010	-8.8975e-014	1.1152e-011	7.7091e-014	1.9126e-013	1.8517e-014	1.0201e-005	
"26.06.2024 14:17:33.279"	1.3981e-010	-8.6221e-014	1.1052e-011	7.5385e-014	1.9635e-013	1.8678e-014	1.0201e-005	
"26.06.2024 14:17:33.562"	1.3635e-010	-8.5222e-014	1.1304e-011	7.5153e-014	1.8916e-013	1.7690e-014	1.0202e-005	
"26.06.2024 14:17:33.846"	1.3834e-010	-8.7343e-014	1.1216e-011	7.8649e-014	1.9061e-013	1.8311e-014	1.0202e-005	
"26.06.2024 14:17:34.129"	1.3994e-010	-8.5048e-014	1.0978e-011	7.6727e-014	1.9527e-013	1.9083e-014	1.0202e-005	
"26.06.2024 14:17:34.413"	1.3613e-010	-8.5616e-014	1.1259e-011	7.4320e-014	1.8462e-013	1.8096e-014	1.0202e-005	
"26.06.2024 14:17:34.696"	1.3853e-010	-8.6215e-014	1.1267e-011	7.8423e-014	1.8995e-013	1.8401e-014	1.0219e-005	
"26.06.2024 14:17:34.979"	1.3982e-010	-8.9268e-014	1.1009e-011	7.7247e-014	1.9354e-013	1.9113e-014	1.0219e-005	
"26.06.2024 14:17:35.263"	1.3591e-010	-8.7827e-014	1.1260e-011	7.4742e-014	1.8553e-013	1.7811e-014	1.0219e-005	
"26.06.2024 14:17:35.546"	1.3820e-010	-8.7843e-014	1.1357e-011	7.7235e-014	1.8767e-013	1.8188e-014	1.0219e-005	
"26.06.2024 14:17:35.830"	1.3991e-010	-8.8647e-014	1.1030e-011	7.5068e-014	1.9191e-013	1.9283e-014	1.0216e-005	
"26.06.2024 14:17:36.113"	1.3616e-010	-8.7172e-014	1.1273e-011	7.5772e-014	1.8749e-013	1.7796e-014	1.0216e-005	
"26.06.2024 14:17:36.396"	1.3797e-010	-8.4817e-014	1.1358e-011	7.7494e-014	1.8503e-013	1.8184e-014	1.0216e-005	
"26.06.2024 14:17:36.680"	1.3962e-010	-8.8795e-014	1.0955e-011	7.5062e-014	1.8993e-013	1.8239e-014	1.0216e-005	
"26.06.2024 14:17:36.963"	1.3607e-010	-8.7807e-014	1.1246e-011	7.4424e-014	1.8668e-013	1.7945e-014	1.0224e-005	
"26.06.2024 14:17:37.247"	1.3826e-010	-8.5588e-014	1.1409e-011	7.5992e-014	1.8965e-013	1.7874e-014	1.0224e-005	
"26.06.2024 14:17:37.531"	1.3962e-010	-8.5839e-014	1.0948e-011	7.6672e-014	1.9325e-013	1.8367e-014	1.0224e-005	
"26.06.2024 14:17:37.814"	1.3613e-010	-8.6701e-014	1.1251e-011	7.5472e-014	1.9249e-013	1.7898e-014	1.0224e-005	
"26.06.2024 14:17:38.097"	1.3813e-010	-8.6614e-014	1.1412e-011	7.6964e-014	1.8403e-013	1.7473e-014	1.0224e-005	
"26.06.2024 14:17:38.381"	1.3956e-010	-8.9603e-014	1.0914e-011	7.5751e-014	1.8970e-013	1.8900e-014	1.0224e-005	
"26.06.2024 14:17:38.664"	1.3636e-010	-8.6610e-014	1.1211e-011	7.5983e-014	1.9017e-013	1.7632e-014	1.0224e-005	
"26.06.2024 14:17:38.948"	1.3813e-010	-8.5551e-014	1.1467e-011	7.6027e-014	1.8426e-013	1.7639e-014	1.0224e-005	
"26.06.2024 14:17:39.231"	1.3943e-010	-8.5234e-014	1.0922e-011	7.6572e-014	1.9059e-013	1.8503e-014	1.0227e-005	
"26.06.2024 14:17:39.515"	1.3670e-010	-8.3678e-014	1.1184e-011	7.4425e-014	1.9032e-013	1.7972e-014	1.0227e-005	
"26.06.2024 14:17:39.798"	1.3777e-010	-8.7272e-014	1.1405e-011	7.3887e-014	1.8044e-013	1.6620e-014	1.0227e-005	
"26.06.2024 14:17:40.081"	1.3965e-010	-8.7830e-014	1.0918e-011	7.6903e-014	1.8784e-013	1.7811e-014	1.0211e-005	
"26.06.2024 14:17:40.367"	1.3670e-010	-8.7127e-014	1.1192e-011	7.6287e-014	1.8451e-013	1.7144e-014	1.0211e-005	
"26.06.2024 14:17:40.650"	1.3760e-010	-8.4492e-014	1.1410e-011	7.4272e-014	1.8725e-013	1.7451e-014	1.0211e-005	
"26.06.2024 14:17:40.933"	1.3950e-010	-8.8581e-014	1.0923e-011	7.4675e-014	1.8418e-013	1.7730e-014	1.0211e-005	
"26.06.2024 14:17:41.218"	1.3696e-010	-8.6000e-014	1.1205e-011	7.5361e-014	1.8721e-013	1.7613e-014	1.0229e-005	
"26.06.2024 14:17:41.501"	1.3788e-010	-8.5148e-014	1.1440e-011	7.3744e-014	1.8503e-013	1.7293e-014	1.0229e-005	
"26.06.2024 14:17:41.785"	1.3947e-010	-8.7031e-014	1.0927e-011	7.7677e-014	1.8286e-013	1.7468e-014	1.0229e-005	
"26.06.2024 14:17:42.070"	1.3660e-010	-8.9162e-014	1.1245e-011	7.3920e-014	1.8712e-013	1.7065e-014	1.0229e-005	
"26.06.2024 14:17:42.353"	1.3767e-010	-8.5796e-014	1.1390e-011	7.4483e-014	1.7681e-013	1.7167e-014	1.0228e-005	
"26.06.2024 14:17:42.637"	1.3921e-010	-8.7630e-014	1.0878e-011	7.7709e-014	1.8661e-013	1.7752e-014	1.0228e-005	
"26.06.2024 14:17:42.920"	1.3711e-010	-8.5950e-014	1.1197e-011	7.5692e-014	1.8713e-013	1.6879e-014	1.0228e-005	
"26.06.2024 14:17:43.205"	1.3787e-010	-8.5882e-014	1.1458e-011	7.4323e-014	1.7742e-013	1.7071e-014	1.0228e-005	
"26.06.2024 14:17:43.488"	1.3958e-010	-8.6597e-014	1.0935e-011	7.7705e-014	1.8663e-013	1.7587e-014	1.0217e-005	
"26.06.2024 14:17:43.772"	1.3723e-010	-8.8968e-014	1.1164e-011	7.6173e-014	1.8373e-013	1.7635e-014	1.0217e-005	
"26.06.2024 14:17:44.055"	1.3773e-010	-8.6884e-014	1.1405e-011	7.3748e-014	1.7980e-013	1.6598e-014	1.0217e-005	
"26.06.2024 14:17:44.338"	1.3949e-010	-8.4419e-014	1.0887e-011	7.6744e-014	1.8429e-013	1.8100e-014	1.0217e-005	
"26.06.2024 14:17:44.622"	1.3758e-010	-8.5098e-014	1.1199e-011	7.6319e-014	1.8398e-013	1.7456e-014	1.0221e-005	
"26.06.2024 14:17:44.906"	1.3759e-010	-8.2493e-014	1.1413e-011	7.3203e-014	1.8055e-013	1.6636e-014	1.0221e-005	
"26.06.2024 14:17:45.189"	1.3925e-010	-8.5455e-014	1.0856e-011	7.7647e-014	1.8583e-013	1.7864e-014	1.0221e-005	
"26.06.2024 14:17:45.472"	1.3813e-010	-8.6234e-014	1.1175e-011	7.6204e-014	1.8475e-013	1.7208e-014	1.0221e-005	
"26.06.2024 14:17:45.756"	1.3771e-010	-8.4531e-014	1.1465e-011	7.3859e-014	1.7470e-013	1.6607e-014	1.0217e-005	
"26.06.2024 14:17:46.039"	1.3931e-010	-8.6913e-014	1.0861e-011	7.7075e-014	1.8207e-013	1.7073e-014	1.0217e-005	
"26.06.2024 14:17:46.323"	1.3825e-010	-8.9656e-014	1.1151e-011	7.6940e-014	1.8453e-013	1.6941e-014	1.0217e-005	
"26.06.2024 14:17:46.606"	1.3765e-010	-8.7272e-014	1.1417e-011	7.3449e-014	1.7619e-013	1.6825e-014	1.0225e-005	
"26.06.2024 14:17:46.890"	1.3923e-010	-8.7818e-014	1.0899e-011	7.7349e-014	1.7943e-013	1.6997e-014	1.0225e-005	
"26.06.2024 14:17:47.173"	1.3854e-010	-8.6407e-014	1.1156e-011	7.5715e-014	1.8655e-013	1.7006e-014	1.0225e-005	
"26.06.2024 14:17:47.457"	1.3746e-010	-8.3756e-014	1.1407e-011	7.4050e-014	1.7524e-013	1.6209e-014	1.0225e-005	
"26.06.2024 14:17:47.740"	1.3933e-010	-8.6569e-014	1.0880e-011	7.5294e-014	1.7775e-013	1.6822e-014	1.0227e-005	
"26.06.2024 14:17:48.024"	1.3878e-010	-8.7090e-014	1.1171e-011	7.5242e-014	1.8352e-013	1.6823e-014	1.0227e-005	
"26.06.2024 14:17:48.307"	1.3743e-010	-8.5291e-014	1.1343e-011	7.3986e-014	1.6920e-013	1.6358e-014	1.0227e-005	
"26.06.2024 14:17:48.590"	1.3893e-010	-8.5359e-014	1.0810e-011	7.8794e-014	1.8335e-013	1.7241e-014	1.0227e-005	
"26.06.2024 14:17:48.874"	1.3934e-010	-8.5353e-014	1.1145e-011	7.5927e-014	1.8326e-013	1.7524e-014	1.0227e-005	
"26.06.2024 14:17:49.157"	1.3738e-010	-8.5481e-014	1.1408e-011	7.3256e-014	1.7055e-013	1.6280e-014	1.0227e-005	
"26.06.2024 14:17:49.441"	1.3898e-010	-8.6254e-014	1.0860e-011	7.8837e-014	1.8051e-013	1.6792e-014	1.0227e-005	
"26.06.2024 14:17:49.724"	1.3947e-010	-8.4654e-014	1.1129e-011	7.6458e-014	1.8158e-013	1.7028e-014	1.0227e-005	
"26.06.2024 14:17:50.007"	1.3732e-010	-8.3964e-014	1.1368e-011	7.1313e-014	1.7130e-013	1.5805e-014	1.0224e-005	
"26.06.2024 14:17:50.291"	1.3895e-010	-8.6788e-014	1.0885e-011	7.7733e-014	1.7731e-013	1.6527e-014	1.0224e-005	
"26.06.2024 14:17:50.574"	1.3980e-010	-8.6189e-014	1.1096e-011	7.6161e-014	1.7883e-013	1.6831e-014	1.0224e-005	
"26.06.2024 14:17:50.858"	1.3718e-010	-8.6641e-014	1.1398e-011	7.3161e-014	1.6886e-013	1.6353e-014	1.0224e-005	
"26.06.2024 14:17:51.141"	1.3898e-010	-8.5284e-014	1.0873e-011	7.7676e-014	1.7557e-013	1.6531e-014	1.0224e-005	
"26.06.2024 14:17:51.425"	1.3996e-010	-8.7987e-014	1.1120e-011	7.5373e-014	1.8148e-013	1.6939e-014	1.0224e-005	
"26.06.2024 14:17:51.708"	1.3690e-010	-8.5651e-014	1.1339e-011	7.3964e-014	1.7286e-013	1.6073e-014	1.0224e-005	
"26.06.2024 14:17:51.992"	1.3905e-010	-8.5474e-014	1.0953e-011	7.8663e-014	1.7322e-013	1.6775e-014	1.0224e-005	
"26.06.2024 14:17:52.275"	1.4010e-010	-8.6088e-014	1.1054e-011	7.4749e-014	1.7957e-013	1.6681e-014	1.0227e-005	
"26.06.2024 14:17:52.559"	1.3677e-010	-8.4915e-014	1.1317e-011	7.5410e-014	1.6974e-013	1.5849e-014	1.0227e-005	
"26.06.2024 14:17:52.842"	1.3875e-010	-8.4246e-014	1.0985e-011	7.7825e-014	1.7489e-013	1.6465e-014	1.0227e-005	
"26.06.2024 14:17:53.125"	1.4035e-010	-8.5537e-014	1.1096e-011	7.6869e-014	1.7481e-013	1.6686e-014	1.0227e-005	
"26.06.2024 14:17:53.409"	1.3658e-010	-8.5749e-014	1.1304e-011	7.4771e-014	1.6949e-013	1.5334e-014	1.0218e-005	
"26.06.2024 14:17:53.692"	1.3866e-010	-8.5552e-014	1.1030e-011	7.8463e-014	1.7183e-013	1.6067e-014	1.0218e-005	
"26.06.2024 14:17:53.976"	1.4022e-010	-8.7992e-014	1.1119e-011	7.3910e-014	1.7697e-013	1.6946e-014	1.0218e-005	
"26.06.2024 14:17:54.259"	1.3648e-010	-8.7189e-014	1.1329e-011	7.5984e-014	1.7037e-013	1.5696e-014	1.0227e-005	
"26.06.2024 14:17:54.543"	1.3843e-010	-8.5117e-014	1.1134e-011	7.8434e-014	1.7172e-013	1.6149e-014	1.0227e-005	
"26.06.2024 14:17:54.826"	1.4011e-010	-8.8265e-014	1.1067e-011	7.6995e-014	1.7544e-013	1.6553e-014	1.0227e-005	
"26.06.2024 14:17:55.109"	1.3670e-010	-8.3573e-014	1.1346e-011	7.4672e-014	1.6700e-013	1.5296e-014	1.0227e-005	
"26.06.2024 14:17:55.395"	1.3842e-010	-8.4772e-014	1.1107e-011	7.8935e-014	1.6827e-013	1.6042e-014	1.0221e-005	
"26.06.2024 14:17:55.679"	1.4010e-010	-8.6829e-014	1.1099e-011	7.5785e-014	1.7202e-013	1.6428e-014	1.0221e-005	
"26.06.2024 14:17:55.962"	1.3651e-010	-8.6959e-014	1.1310e-011	7.4983e-014	1.6809e-013	1.5485e-014	1.0221e-005	
"26.06.2024 14:17:56.245"	1.3873e-010	-8.5306e-014	1.1171e-011	7.7254e-014	1.7083e-013	1.5931e-014	1.0221e-005	
"26.06.2024 14:17:56.529"	1.4027e-010	-8.5276e-014	1.1070e-011	7.5461e-014	1.7439e-013	1.6625e-014	1.0226e-005	
"26.06.2024 14:17:56.813"	1.3630e-010	-8.7129e-014	1.1288e-011	7.3411e-014	1.6165e-013	1.5155e-014	1.0226e-005	
"26.06.2024 14:17:57.097"	1.3852e-010	-8.7391e-014	1.1183e-011	7.7688e-014	1.7203e-013	1.5636e-014	1.0226e-005	
"26.06.2024 14:17:57.381"	1.4028e-010	-8.4519e-014	1.1085e-011	7.7178e-014	1.7100e-013	1.6029e-014	1.0226e-005	
"26.06.2024 14:17:57.664"	1.3641e-010	-8.5938e-014	1.1294e-011	7.3903e-014	1.6632e-013	1.5540e-014	1.0229e-005	
"26.06.2024 14:17:57.948"	1.3828e-010	-8.9689e-014	1.1212e-011	7.8874e-014	1.6629e-013	1.5673e-014	1.0229e-005	
"26.06.2024 14:17:58.232"	1.3999e-010	-8.4601e-014	1.1040e-011	7.6022e-014	1.7415e-013	1.6369e-014	1.0229e-005	
"26.06.2024 14:17:58.515"	1.3621e-010	-8.5234e-014	1.1320e-011	7.2357e-014	1.6624e-013	1.5223e-014	1.0229e-005	
"26.06.2024 14:17:58.799"	1.3855e-010	-8.7136e-014	1.1259e-011	7.7141e-014	1.6552e-013	1.5444e-014	1.0226e-005	
"26.06.2024 14:17:59.082"	1.3979e-010	-8.6152e-014	1.0997e-011	7.5468e-014	1.7406e-013	1.5910e-014	1.0226e-005	
"26.06.2024 14:17:59.366"	1.3599e-010	-8.9279e-014	1.1240e-011	7.4618e-014	1.6299e-013	1.4904e-014	1.0226e-005	
"26.06.2024 14:17:59.649"	1.3826e-010	-8.7620e-014	1.1353e-011	7.8066e-014	1.6585e-013	1.5303e-014	1.0226e-005	
"26.06.2024 14:17:59.933"	1.4006e-010	-8.5976e-014	1.1043e-011	7.5540e-014	1.7100e-013	1.6083e-014	1.0222e-005	
"26.06.2024 14:18:00.217"	1.3605e-010	-8.7188e-014	1.1268e-011	7.4370e-014	1.6519e-013	1.5330e-014	1.0222e-005	
"26.06.2024 14:18:00.500"	1.3803e-010	-8.5860e-014	1.1351e-011	7.7725e-014	1.6466e-013	1.5237e-014	1.0222e-005	
"26.06.2024 14:18:00.783"	1.3975e-010	-8.1314e-014	1.0968e-011	7.5713e-014	1.6953e-013	1.5801e-014	1.0228e-005	
"26.06.2024 14:18:01.067"	1.3626e-010	-8.7229e-014	1.1268e-011	7.5848e-014	1.6380e-013	1.5107e-014	1.0228e-005	
"26.06.2024 14:18:01.350"	1.3805e-010	-8.8151e-014	1.1415e-011	7.7031e-014	1.6316e-013	1.5134e-014	1.0228e-005	
"26.06.2024 14:18:01.634"	1.3971e-010	-8.7369e-014	1.0991e-011	7.6448e-014	1.6921e-013	1.5795e-014	1.0228e-005	
"26.06.2024 14:18:01.917"	1.3638e-010	-8.6776e-014	1.1227e-011	7.5115e-014	1.6514e-013	1.5028e-014	1.0225e-005	
"26.06.2024 14:18:02.200"	1.3791e-010	-8.8690e-014	1.1443e-011	7.6728e-014	1.6370e-013	1.5109e-014	1.0225e-005	
"26.06.2024 14:18:02.484"	1.3961e-010	-8.6185e-014	1.0936e-011	7.6778e-014	1.6526e-013	1.5467e-014	1.0225e-005	
"26.06.2024 14:18:02.767"	1.3675e-010	-8.7372e-014	1.1228e-011	7.5426e-014	1.6797e-013	1.4927e-014	1.0225e-005	
"26.06.2024 14:18:03.050"	1.3805e-010	-8.5204e-014	1.1457e-011	7.4950e-014	1.6244e-013	1.5038e-014	1.0227e-005	
"26.06.2024 14:18:03.334"	1.3934e-010	-8.7327e-014	1.0939e-011	7.7284e-014	1.6633e-013	1.5528e-014	1.0227e-005	
"26.06.2024 14:18:03.617"	1.3717e-010	-8.7134e-014	1.1225e-011	7.6634e-014	1.6362e-013	1.4926e-014	1.0227e-005	
"26.06.2024 14:18:03.901"	1.3806e-010	-8.6243e-014	1.1492e-011	7.4016e-014	1.6193e-013	1.4702e-014	1.0227e-005	
"26.06.2024 14:18:04.184"	1.3940e-010	-8.5368e-014	1.0858e-011	7.6057e-014	1.6553e-013	1.5779e-014	1.0225e-005	
"26.06.2024 14:18:04.468"	1.3750e-010	-8.6924e-014	1.1207e-011	7.5572e-014	1.6524e-013	1.5251e-014	1.0225e-005	
"26.06.2024 14:18:04.751"	1.3793e-010	-8.8795e-014	1.1455e-011	7.3876e-014	1.6176e-013	1.4765e-014	1.0225e-005	
"26.06.2024 14:18:05.035"	1.3944e-010	-8.5682e-014	1.0900e-011	7.8810e-014	1.6830e-013	1.5498e-014	1.0225e-005	
"26.06.2024 14:18:05.318"	1.3783e-010	-8.3385e-014	1.1181e-011	7.5027e-014	1.6843e-013	1.5185e-014	1.0226e-005	
"26.06.2024 14:18:05.602"	1.3781e-010	-8.7282e-014	1.1439e-011	7.4560e-014	1.6452e-013	1.4788e-014	1.0226e-005	
"26.06.2024 14:18:05.885"	1.3933e-010	-8.6358e-014	1.0846e-011	7.6205e-014	1.6472e-013	1.5091e-014	1.0226e-005	
"26.06.2024 14:18:06.168"	1.3843e-010	-8.1462e-014	1.1163e-011	7.5804e-014	1.6710e-013	1.5080e-014	1.0226e-005	
"26.06.2024 14:18:06.452"	1.3773e-010	-8.6156e-014	1.1444e-011	7.1950e-014	1.5892e-013	1.5178e-014	1.0225e-005	
"26.06.2024 14:18:06.735"	1.3928e-010	-8.9343e-014	1.0829e-011	7.6179e-014	1.6318e-013	1.5228e-014	1.0225e-005	
"26.06.2024 14:18:07.019"	1.3896e-010	-9.0306e-014	1.1093e-011	7.6572e-014	1.6393e-013	1.5310e-014	1.0225e-005	
"26.06.2024 14:18:07.302"	1.3745e-010	-8.5797e-014	1.1386e-011	7.4693e-014	1.5896e-013	1.4381e-014	1.0225e-005	
"26.06.2024 14:18:07.586"	1.3924e-010	-8.8421e-014	1.0893e-011	7.7119e-014	1.6183e-013	1.4780e-014	1.0224e-005	
"26.06.2024 14:18:07.869"	1.3925e-010	-8.5062e-014	1.1227e-011	7.5782e-014	1.6694e-013	1.5394e-014	1.0224e-005	
"26.06.2024 14:18:08.152"	1.3724e-010	-8.5774e-014	1.1390e-011	7.3734e-014	1.5684e-013	1.4143e-014	1.0224e-005	
"26.06.2024 14:18:08.436"	1.3897e-010	-8.8255e-014	1.0855e-011	7.8450e-014	1.5944e-013	1.4870e-014	1.0225e-005	
"26.06.2024 14:18:08.719"	1.3972e-010	-8.8847e-014	1.1142e-011	7.5584e-014	1.6014e-013	1.5014e-014	1.0225e-005	
"26.06.2024 14:18:09.003"	1.3724e-010	-8.5093e-014	1.1412e-011	7.4489e-014	1.5721e-013	1.4058e-014	1.0225e-005	
"26.06.2024 14:18:09.287"	1.3890e-010	-9.4766e-014	1.0887e-011	7.7823e-014	1.5683e-013	1.4582e-014	1.0225e-005	
"26.06.2024 14:18:09.570"	1.3999e-010	-8.7107e-014	1.1162e-011	7.5248e-014	1.6540e-013	1.5372e-014	1.0224e-005	
"26.06.2024 14:18:09.853"	1.3728e-010	-8.3981e-014	1.1381e-011	7.2399e-014	1.5517e-013	1.4023e-014	1.0224e-005	
"26.06.2024 14:18:10.137"	1.3897e-010	-8.5107e-014	1.0885e-011	8.0805e-014	1.5802e-013	1.4559e-014	1.0224e-005	
"26.06.2024 14:18:10.421"	1.4004e-010	-8.8737e-014	1.1105e-011	7.6604e-014	1.6580e-013	1.5096e-014	1.0224e-005	
"26.06.2024 14:18:10.705"	1.3705e-010	-8.4294e-014	1.1372e-011	7.3567e-014	1.5468e-013	1.3553e-014	1.0225e-005	
"26.06.2024 14:18:10.988"	1.3877e-010	-8.7741e-014	1.0943e-011	7.7641e-014	1.5793e-013	1.4156e-014	1.0225e-005	
"26.06.2024 14:18:11.272"	1.4007e-010	-8.5740e-014	1.1115e-011	7.4914e-014	1.6244e-013	1.5007e-014	1.0225e-005	
"26.06.2024 14:18:11.555"	1.3693e-010	-8.5120e-014	1.1344e-011	7.2559e-014	1.5399e-013	1.4364e-014	1.0225e-005	
"26.06.2024 14:18:11.839"	1.3891e-010	-8.8776e-014	1.0934e-011	7.8307e-014	1.5714e-013	1.4683e-014	1.0227e-005	
"26.06.2024 14:18:12.124"	1.4015e-010	-8.8930e-014	1.1089e-011	7.5260e-014	1.6102e-013	1.5050e-014	1.0227e-005	
"26.06.2024 14:18:12.407"	1.3672e-010	-8.7756e-014	1.1365e-011	7.5629e-014	1.5317e-013	1.4120e-014	1.0227e-005	
"26.06.2024 14:18:12.690"	1.3891e-010	-8.5211e-014	1.1016e-011	7.9272e-014	1.5771e-013	1.4644e-014	1.0227e-005	
"26.06.2024 14:18:12.974"	1.4015e-010	-8.6856e-014	1.1052e-011	7.5280e-014	1.6313e-013	1.4716e-014	1.0226e-005	
"26.06.2024 14:18:13.258"	1.3649e-010	-8.5629e-014	1.1329e-011	7.5040e-014	1.5465e-013	1.3766e-014	1.0226e-005	
"26.06.2024 14:18:13.542"	1.3876e-010	-8.3649e-014	1.1064e-011	7.8328e-014	1.5714e-013	1.4684e-014	1.0226e-005	
"26.06.2024 14:18:13.825"	1.4046e-010	-8.6225e-014	1.1046e-011	7.5739e-014	1.5903e-013	1.5065e-014	1.0226e-005	
"26.06.2024 14:18:14.109"	1.3639e-010	-8.4193e-014	1.1269e-011	7.3946e-014	1.5506e-013	1.3945e-014	1.0220e-005	
"26.06.2024 14:18:14.392"	1.3850e-010	-8.5002e-014	1.1184e-011	7.7093e-014	1.5597e-013	1.4134e-014	1.0220e-005	
"26.06.2024 14:18:14.676"	1.4025e-010	-8.8352e-014	1.1090e-011	7.5617e-014	1.6019e-013	1.5123e-014	1.0220e-005	
"26.06.2024 14:18:14.960"	1.3659e-010	-8.5389e-014	1.1325e-011	7.4571e-014	1.5587e-013	1.3638e-014	1.0223e-005	
"26.06.2024 14:18:15.244"	1.3855e-010	-8.6060e-014	1.1149e-011	7.9137e-014	1.5510e-013	1.4076e-014	1.0223e-005	
"26.06.2024 14:18:15.527"	1.4012e-010	-8.5310e-014	1.1093e-011	7.6279e-014	1.5758e-013	1.4480e-014	1.0223e-005	
"26.06.2024 14:18:15.810"	1.3653e-010	-8.4704e-014	1.1333e-011	7.3494e-014	1.5417e-013	1.4063e-014	1.0223e-005	
"26.06.2024 14:18:16.094"	1.3840e-010	-8.7345e-014	1.1216e-011	7.8570e-014	1.5192e-013	1.4353e-014	1.0223e-005	
"26.06.2024 14:18:16.377"	1.4002e-010	-8.5798e-014	1.1057e-011	7.6015e-014	1.5650e-013	1.4677e-014	1.0223e-005	
"26.06.2024 14:18:16.661"	1.3620e-010	-8.6079e-014	1.1328e-011	7.6039e-014	1.5066e-013	1.3484e-014	1.0223e-005	
"26.06.2024 14:18:16.944"	1.3844e-010	-8.4696e-014	1.1280e-011	7.7227e-014	1.5375e-013	1.3990e-014	1.0223e-005	
"26.06.2024 14:18:17.227"	1.3994e-010	-8.7295e-014	1.1030e-011	7.7615e-014	1.5524e-013	1.4362e-014	1.0225e-005	
"26.06.2024 14:18:17.511"	1.3624e-010	-8.5978e-014	1.1308e-011	7.3997e-014	1.5181e-013	1.3734e-014	1.0225e-005	
"26.06.2024 14:18:17.794"	1.3831e-010	-8.6062e-014	1.1310e-011	7.7337e-014	1.5584e-013	1.3735e-014	1.0225e-005	
"26.06.2024 14:18:18.077"	1.3993e-010	-8.7278e-014	1.0988e-011	7.5473e-014	1.5288e-013	1.4392e-014	1.0225e-005	
"26.06.2024 14:18:18.361"	1.3635e-010	-8.6727e-014	1.1274e-011	7.5480e-014	1.5100e-013	1.3583e-014	1.0224e-005	
"26.06.2024 14:18:18.645"	1.3822e-010	-8.7261e-014	1.1389e-011	7.7796e-014	1.5218e-013	1.3958e-014	1.0224e-005	
"26.06.2024 14:18:18.928"	1.3982e-010	-8.4831e-014	1.1035e-011	7.6075e-014	1.5792e-013	1.4205e-014	1.0224e-005	
"26.06.2024 14:18:19.212"	1.3603e-010	-8.6184e-014	1.1252e-011	7.5188e-014	1.5149e-013	1.3702e-014	1.0224e-005	
"26.06.2024 14:18:19.495"	1.3817e-010	-8.7165e-014	1.1401e-011	7.7615e-014	1.4996e-013	1.3702e-014	1.0224e-005	
"26.06.2024 14:18:19.779"	1.3982e-010	-8.6217e-014	1.0991e-011	7.6672e-014	1.5349e-013	1.4000e-014	1.0224e-005	
"26.06.2024 14:18:20.062"	1.3627e-010	-8.5817e-014	1.1267e-011	7.5511e-014	1.5191e-013	1.3592e-014	1.0224e-005	
"26.06.2024 14:18:20.345"	1.3800e-010	-8.6807e-014	1.1429e-011	7.5537e-014	1.4877e-013	1.3689e-014	1.0224e-005	
"26.06.2024 14:18:20.629"	1.3980e-010	-8.6174e-014	1.0977e-011	7.7135e-014	1.5593e-013	1.3952e-014	1.0224e-005	
"26.06.2024 14:18:20.912"	1.3650e-010	-8.5166e-014	1.1244e-011	7.3099e-014	1.5435e-013	1.3676e-014	1.0224e-005	
"26.06.2024 14:18:21.196"	1.3790e-010	-8.6252e-014	1.1446e-011	7.4597e-014	1.4379e-013	1.3390e-014	1.0224e-005	
"26.06.2024 14:18:21.479"	1.3958e-010	-8.5887e-014	1.0895e-011	7.6077e-014	1.5325e-013	1.4013e-014	1.0223e-005	
"26.06.2024 14:18:21.762"	1.3710e-010	-8.6165e-014	1.1217e-011	7.5456e-014	1.5194e-013	1.3948e-014	1.0223e-005	
"26.06.2024 14:18:22.046"	1.3796e-010	-8.6248e-014	1.1442e-011	7.4389e-014	1.4696e-013	1.3460e-014	1.0223e-005	
"26.06.2024 14:18:22.329"	1.3923e-010	-8.5192e-014	1.0880e-011	7.7886e-014	1.5276e-013	1.4030e-014	1.0223e-005	
"26.06.2024 14:18:22.613"	1.3764e-010	-8.6592e-014	1.1193e-011	7.5376e-014	1.5239e-013	1.3609e-014	1.0230e-005	
"26.06.2024 14:18:22.897"	1.3799e-010	-8.5660e-014	1.1463e-011	7.3101e-014	1.4936e-013	1.3648e-014	1.0230e-005	
"26.06.2024 14:18:23.180"	1.3946e-010	-8.6673e-014	1.0862e-011	7.7184e-014	1.5241e-013	1.3628e-014	1.0230e-005	
"26.06.2024 14:18:23.463"	1.3793e-010	-8.4127e-014	1.1207e-011	7.5511e-014	1.5503e-013	1.3933e-014	1.0230e-005	
"26.06.2024 14:18:23.747"	1.3793e-010	-8.4108e-014	1.1428e-011	7.4352e-014	1.4537e-013	1.3177e-014	1.0224e-005	
"26.06.2024 14:18:24.030"	1.3922e-010	-8.5873e-014	1.0863e-011	7.8091e-014	1.4892e-013	1.3702e-014	1.0224e-005	
"26.06.2024 14:18:24.314"	1.3861e-010	-8.4575e-014	1.1163e-011	7.7199e-014	1.5501e-013	1.3578e-014	1.0224e-005	
"26.06.2024 14:18:24.597"	1.3766e-010	-8.8487e-014	1.1448e-011	7.3362e-014	1.4419e-013	1.2860e-014	1.0224e-005	
"26.06.2024 14:18:24.880"	1.3921e-010	-8.4676e-014	1.0879e-011	7.6717e-014	1.4843e-013	1.3700e-014	1.0227e-005	
"26.06.2024 14:18:25.164"	1.3862e-010	-8.5877e-014	1.1156e-011	7.5301e-014	1.5114e-013	1.3739e-014	1.0227e-005	
"26.06.2024 14:18:25.448"	1.3767e-010	-8.6825e-014	1.1430e-011	7.3454e-014	1.4721e-013	1.3340e-014	1.0227e-005	
"26.06.2024 14:18:25.732"	1.3936e-010	-8.4257e-014	1.0891e-011	7.6431e-014	1.4896e-013	1.3464e-014	1.0227e-005	
"26.06.2024 14:18:26.015"	1.3913e-010	-8.8875e-014	1.1171e-011	7.6281e-014	1.5567e-013	1.4155e-014	1.0220e-005	
"26.06.2024 14:18:26.299"	1.3756e-010	-8.2259e-014	1.1375e-011	7.4667e-014	1.4566e-013	1.3187e-014	1.0220e-005	
"26.06.2024 14:18:26.582"	1.3928e-010	-8.7665e-014	1.0860e-011	7.8439e-014	1.4941e-013	1.3722e-014	1.0220e-005	
"26.06.2024 14:18:26.866"	1.3930e-010	-8.7025e-014	1.1133e-011	7.4356e-014	1.5238e-013	1.3783e-014	1.0220e-005	
"26.06.2024 14:18:27.150"	1.3745e-010	-8.6822e-014	1.1429e-011	7.3829e-014	1.4191e-013	1.3115e-014	1.0225e-005	
"26.06.2024 14:18:27.434"	1.3939e-010	-8.3703e-014	1.0894e-011	7.7972e-014	1.5098e-013	1.3725e-014	1.0225e-005	
"26.06.2024 14:18:27.718"	1.3961e-010	-8.5077e-014	1.1133e-011	7.5791e-014	1.5184e-013	1.3434e-014	1.0225e-005	
"26.06.2024 14:18:28.001"	1.3726e-010	-8.5180e-014	1.1414e-011	7.2973e-014	1.4561e-013	1.3238e-014	1.0225e-005	
"26.06.2024 14:18:28.286"	1.3910e-010	-8.4787e-014	1.0893e-011	7.6768e-014	1.4808e-013	1.3464e-014	1.0225e-005	
"26.06.2024 14:18:28.569"	1.4001e-010	-8.4614e-014	1.1088e-011	7.6015e-014	1.5098e-013	1.3944e-014	1.0225e-005	
"26.06.2024 14:18:28.852"	1.3676e-010	-8.8481e-014	1.1384e-011	7.5121e-014	1.4284e-013	1.2657e-014	1.0225e-005	
"26.06.2024 14:18:29.136"	1.3900e-010	-8.6743e-014	1.0992e-011	7.7621e-014	1.4474e-013	1.3096e-014	1.0225e-005	
"26.06.2024 14:18:29.419"	1.4033e-010	-8.8169e-014	1.1145e-011	7.5486e-014	1.5401e-013	1.3886e-014	1.0225e-005	
"26.06.2024 14:18:29.703"	1.3697e-010	-8.2626e-014	1.1330e-011	7.3464e-014	1.4038e-013	1.3192e-014	1.0225e-005	
"26.06.2024 14:18:29.988"	1.3885e-010	-8.8488e-014	1.0987e-011	7.7380e-014	1.4511e-013	1.3053e-014	1.0225e-005	
"26.06.2024 14:18:30.271"	1.4035e-010	-8.7235e-014	1.1155e-011	7.5448e-014	1.5042e-013	1.3824e-014	1.0225e-005	
"26.06.2024 14:18:30.554"	1.3705e-010	-8.4580e-014	1.1380e-011	7.2992e-014	1.3825e-013	1.2523e-014	1.0225e-005	
"26.06.2024 14:18:30.838"	1.3864e-010	-8.4732e-014	1.1069e-011	7.8326e-014	1.4164e-013	1.3245e-014	1.0225e-005	
"26.06.2024 14:18:31.121"	1.4025e-010	-8.6351e-014	1.1075e-011	7.5300e-014	1.4816e-013	1.3540e-014	1.0225e-005	
"26.06.2024 14:18:31.405"	1.3668e-010	-8.4008e-014	1.1338e-011	7.5395e-014	1.3829e-013	1.2466e-014	1.0225e-005	
"26.06.2024 14:18:31.688"	1.3892e-010	-8.6554e-014	1.1097e-011	7.7715e-014	1.4395e-013	1.2968e-014	1.0225e-005	
"26.06.2024 14:18:31.972"	1.4010e-010	-8.6386e-014	1.1092e-011	7.6186e-014	1.4816e-013	1.3372e-014	1.0225e-005	
"26.06.2024 14:18:32.255"	1.3650e-010	-8.7430e-014	1.1343e-011	7.3569e-014	1.4369e-013	1.2872e-014	1.0225e-005	
"26.06.2024 14:18:32.539"	1.3876e-010	-8.4676e-014	1.1187e-011	7.7787e-014	1.4008e-013	1.2840e-014	1.0231e-005	
"26.06.2024 14:18:32.822"	1.4006e-010	-8.6131e-014	1.1057e-011	7.5379e-014	1.4912e-013	1.3164e-014	1.0231e-005	
"26.06.2024 14:18:33.106"	1.3624e-010	-8.8275e-014	1.1308e-011	7.4905e-014	1.4034e-013	1.2717e-014	1.0231e-005	
"26.06.2024 14:18:33.389"	1.3866e-010	-8.5275e-014	1.1250e-011	7.8172e-014	1.4178e-013	1.2974e-014	1.0231e-005	
"26.06.2024 14:18:33.672"	1.4023e-010	-8.7771e-014	1.1060e-011	7.7262e-014	1.4671e-013	1.3280e-014	1.0226e-005	
"26.06.2024 14:18:33.956"	1.3621e-010	-8.6513e-014	1.1290e-011	7.4244e-014	1.4376e-013	1.2385e-014	1.0226e-005	
"26.06.2024 14:18:34.239"	1.3849e-010	-8.6748e-014	1.1291e-011	7.9110e-014	1.4146e-013	1.2738e-014	1.0226e-005	
"26.06.2024 14:18:34.523"	1.4007e-010	-8.8657e-014	1.1054e-011	7.6216e-014	1.4375e-013	1.3250e-014	1.0226e-005	
"26.06.2024 14:18:34.806"	1.3608e-010	-8.5823e-014	1.1250e-011	7.4320e-014	1.4172e-013	1.2230e-014	1.0224e-005	
"26.06.2024 14:18:35.090"	1.3826e-010	-8.4644e-014	1.1376e-011	7.8260e-014	1.3928e-013	1.2907e-014	1.0224e-005	
"26.06.2024 14:18:35.373"	1.4004e-010	-8.8910e-014	1.1011e-011	7.6515e-014	1.4552e-013	1.3282e-014	1.0224e-005	
"26.06.2024 14:18:35.656"	1.3622e-010	-8.6667e-014	1.1299e-011	7.3926e-014	1.3849e-013	1.2788e-014	1.0224e-005	
"26.06.2024 14:18:35.940"	1.3807e-010	-8.7201e-014	1.1419e-011	7.7136e-014	1.3920e-013	1.2540e-014	1.0224e-005	
"26.06.2024 14:18:36.223"	1.3962e-010	-8.5333e-014	1.0961e-011	7.6369e-014	1.4051e-013	1.2775e-014	1.0224e-005	
"26.06.2024 14:18:36.507"	1.3635e-010	-8.4184e-014	1.1261e-011	7.3854e-014	1.4249e-013	1.2567e-014	1.0224e-005	
"26.06.2024 14:18:36.791"	1.3820e-010	-8.4041e-014	1.1467e-011	7.6611e-014	1.3748e-013	1.2418e-014	1.0228e-005	
"26.06.2024 14:18:37.074"	1.3963e-010	-8.4807e-014	1.0879e-011	7.6905e-014	1.4271e-013	1.2939e-014	1.0228e-005	
"26.06.2024 14:18:37.358"	1.3685e-010	-8.7604e-014	1.1194e-011	7.4449e-014	1.4567e-013	1.2193e-014	1.0228e-005	
"26.06.2024 14:18:37.641"	1.3805e-010	-8.8804e-014	1.1486e-011	7.4149e-014	1.3667e-013	1.2560e-014	1.0228e-005	
"26.06.2024 14:18:37.924"	1.3972e-010	-8.7881e-014	1.0922e-011	7.7595e-014	1.4097e-013	1.2550e-014	1.0224e-005	
"26.06.2024 14:18:38.208"	1.3729e-010	-8.7557e-014	1.1201e-011	7.5482e-014	1.4526e-013	1.2391e-014	1.0224e-005	
"26.06.2024 14:18:38.491"	1.3792e-010	-8.5737e-014	1.1450e-011	7.5013e-014	1.3852e-013	1.2615e-014	1.0224e-005	
"26.06.2024 14:18:38.774"	1.3952e-010	-8.6239e-014	1.0955e-011	7.6324e-014	1.4123e-013	1.2987e-014	1.0224e-005	
"26.06.2024 14:18:39.058"	1.3774e-010	-8.4695e-014	1.1214e-011	7.3461e-014	1.4225e-013	1.2691e-014	1.0229e-005	
"26.06.2024 14:18:39.341"	1.3763e-010	-8.6752e-014	1.1427e-011	7.3451e-014	1.3848e-013	1.2075e-014	1.0229e-005	
"26.06.2024 14:18:39.625"	1.3944e-010	-8.4055e-014	1.0875e-011	7.6512e-014	1.4314e-013	1.3014e-014	1.0229e-005	
"26.06.2024 14:18:39.908"	1.3836e-010	-8.6089e-014	1.1196e-011	7.5598e-014	1.4154e-013	1.2349e-014	1.0229e-005	
"26.06.2024 14:18:40.192"	1.3773e-010	-8.9671e-014	1.1420e-011	7.4270e-014	1.3759e-013	1.2324e-014	1.0222e-005	
"26.06.2024 14:18:40.476"	1.3912e-010	-8.5853e-014	1.0840e-011	7.7261e-014	1.3904e-013	1.2491e-014	1.0222e-005	
"26.06.2024 14:18:40.760"	1.3875e-010	-8.7657e-014	1.1211e-011	7.5330e-014	1.4357e-013	1.2364e-014	1.0222e-005	
"26.06.2024 14:18:41.044"	1.3787e-010	-8.3933e-014	1.1428e-011	7.5206e-014	1.3453e-013	1.1965e-014	1.0222e-005	
"26.06.2024 14:18:41.327"	1.3933e-010	-8.4137e-014	1.0860e-011	7.7938e-014	1.3997e-013	1.2730e-014	1.0232e-005	
"26.06.2024 14:18:41.610"	1.3869e-010	-8.6217e-014	1.1220e-011	7.5899e-014	1.4088e-013	1.2784e-014	1.0232e-005	
"26.06.2024 14:18:41.895"	1.3784e-010	-8.5823e-014	1.1461e-011	7.3529e-014	1.2942e-013	1.1910e-014	1.0232e-005	
"26.06.2024 14:18:42.179"	1.3941e-010	-8.5166e-014	1.0894e-011	7.6273e-014	1.3924e-013	1.2744e-014	1.0234e-005	
"26.06.2024 14:18:42.462"	1.3890e-010	-8.6247e-014	1.1207e-011	7.6911e-014	1.3891e-013	1.2628e-014	1.0234e-005	
"26.06.2024 14:18:42.746"	1.3762e-010	-8.6870e-014	1.1412e-011	7.3929e-014	1.3693e-013	1.2183e-014	1.0234e-005	
"26.06.2024 14:18:43.029"	1.3936e-010	-8.5466e-014	1.0888e-011	7.6539e-014	1.3885e-013	1.2722e-014	1.0234e-005	
"26.06.2024 14:18:43.313"	1.3920e-010	-8.7558e-014	1.1215e-011	7.6353e-014	1.3903e-013	1.2771e-014	1.0231e-005	
"26.06.2024 14:18:43.596"	1.3774e-010	-8.5672e-014	1.1438e-011	7.5870e-014	1.3040e-013	1.1652e-014	1.0231e-005	
"26.06.2024 14:18:43.880"	1.3917e-010	-8.5856e-014	1.0871e-011	7.9152e-014	1.3964e-013	1.2246e-014	1.0231e-005	
"26.06.2024 14:18:44.163"	1.3955e-010	-8.6538e-014	1.1179e-011	7.6373e-014	1.3957e-013	1.2651e-014	1.0231e-005	
"26.06.2024 14:18:44.446"	1.3757e-010	-8.6267e-014	1.1410e-011	7.3974e-014	1.3597e-013	1.2155e-014	1.0239e-005	
"26.06.2024 14:18:44.730"	1.3925e-010	-8.7242e-014	1.0918e-011	7.5568e-014	1.3561e-013	1.2200e-014	1.0239e-005	
"26.06.2024 14:18:45.015"	1.3942e-010	-8.5668e-014	1.1161e-011	7.5184e-014	1.4166e-013	1.2357e-014	1.0239e-005	
"26.06.2024 14:18:45.298"	1.3754e-010	-8.4689e-014	1.1410e-011	7.5118e-014	1.2699e-013	1.1929e-014	1.0239e-005	
"26.06.2024 14:18:45.582"	1.3934e-010	-8.6799e-014	1.0909e-011	7.6479e-014	1.3949e-013	1.2652e-014	1.0227e-005	
"26.06.2024 14:18:45.865"	1.3966e-010	-8.8420e-014	1.1200e-011	7.5554e-014	1.3818e-013	1.2929e-014	1.0227e-005	
"26.06.2024 14:18:46.149"	1.3748e-010	-8.7748e-014	1.1389e-011	7.3681e-014	1.3159e-013	1.2047e-014	1.0227e-005	
"26.06.2024 14:18:46.432"	1.3927e-010	-8.5862e-014	1.0951e-011	7.5930e-014	1.3534e-013	1.2199e-014	1.0227e-005	
"26.06.2024 14:18:46.716"	1.3997e-010	-8.8256e-014	1.1137e-011	7.6472e-014	1.4335e-013	1.2631e-014	1.0231e-005	
"26.06.2024 14:18:46.999"	1.3705e-010	-8.8846e-014	1.1363e-011	7.3337e-014	1.3253e-013	1.1703e-014	1.0231e-005	
"26.06.2024 14:18:47.283"	1.3909e-010	-8.5592e-014	1.0984e-011	7.8818e-014	1.3557e-013	1.2142e-014	1.0231e-005	
"26.06.2024 14:18:47.566"	1.4048e-010	-8.6686e-014	1.1190e-011	7.4973e-014	1.3995e-013	1.2524e-014	1.0231e-005	
"26.06.2024 14:18:47.849"	1.3699e-010	-8.2801e-014	1.1354e-011	7.5076e-014	1.3057e-013	1.1746e-014	1.0230e-005	
"26.06.2024 14:18:48.133"	1.3888e-010	-8.5638e-014	1.1028e-011	7.8903e-014	1.3421e-013	1.2014e-014	1.0230e-005	
"26.06.2024 14:18:48.416"	1.4043e-010	-8.5762e-014	1.1140e-011	7.5746e-014	1.3458e-013	1.2436e-014	1.0230e-005	
"26.06.2024 14:18:48.700"	1.3700e-010	-8.5741e-014	1.1400e-011	7.4045e-014	1.3138e-013	1.2080e-014	1.0240e-005	
"26.06.2024 14:18:48.983"	1.3906e-010	-8.7307e-014	1.1055e-011	7.8278e-014	1.3557e-013	1.2168e-014	1.0240e-005	
"26.06.2024 14:18:49.266"	1.4020e-010	-8.8938e-014	1.1074e-011	7.6911e-014	1.3472e-013	1.2058e-014	1.0240e-005	
"26.06.2024 14:18:49.550"	1.3658e-010	-8.7453e-014	1.1348e-011	7.3396e-014	1.3029e-013	1.1739e-014	1.0240e-005	
"26.06.2024 14:18:49.833"	1.3893e-010	-8.2368e-014	1.1184e-011	7.8210e-014	1.3456e-013	1.1840e-014	1.0243e-005	
"26.06.2024 14:18:50.117"	1.4049e-010	-8.4706e-014	1.1126e-011	7.6205e-014	1.3807e-013	1.2329e-014	1.0243e-005	
"26.06.2024 14:18:50.401"	1.3648e-010	-8.4793e-014	1.1348e-011	7.5111e-014	1.3235e-013	1.1896e-014	1.0243e-005	
"26.06.2024 14:18:50.684"	1.3881e-010	-8.7822e-014	1.1222e-011	7.8047e-014	1.3098e-013	1.1741e-014	1.0243e-005	
"26.06.2024 14:18:50.967"	1.4038e-010	-8.5892e-014	1.1130e-011	7.6009e-014	1.3576e-013	1.2510e-014	1.0258e-005	
"26.06.2024 14:18:51.251"	1.3669e-010	-8.4723e-014	1.1365e-011	7.3244e-014	1.3380e-013	1.1774e-014	1.0258e-005	
"26.06.2024 14:18:51.534"	1.3851e-010	-8.6785e-014	1.1209e-011	7.8568e-014	1.2987e-013	1.1662e-014	1.0258e-005	
"26.06.2024 14:18:51.818"	1.4018e-010	-9.5071e-014	1.1059e-011	7.5515e-014	1.3565e-013	1.2256e-014	1.0258e-005	
"26.06.2024 14:18:52.101"	1.3644e-010	-8.4107e-014	1.1356e-011	7.4094e-014	1.3267e-013	1.1565e-014	1.0242e-005	
"26.06.2024 14:18:52.384"	1.3877e-010	-8.2678e-014	1.1331e-011	7.7310e-014	1.2970e-013	1.2024e-014	1.0242e-005	
"26.06.2024 14:18:52.668"	1.4036e-010	-8.6271e-014	1.1052e-011	7.4928e-014	1.3252e-013	1.1990e-014	1.0242e-005	
"26.06.2024 14:18:52.951"	1.3616e-010	-8.6792e-014	1.1244e-011	7.3662e-014	1.3183e-013	1.1736e-014	1.0242e-005	
"26.06.2024 14:18:53.235"	1.3842e-010	-8.4521e-014	1.1391e-011	7.4816e-014	1.3011e-013	1.1661e-014	1.0256e-005	
"26.06.2024 14:18:53.518"	1.4011e-010	-8.6438e-014	1.1064e-011	7.7108e-014	1.3208e-013	1.2360e-014	1.0256e-005	
"26.06.2024 14:18:53.802"	1.3641e-010	-8.7244e-014	1.1292e-011	7.4015e-014	1.2955e-013	1.1169e-014	1.0256e-005	
"26.06.2024 14:18:54.085"	1.3864e-010	-8.3007e-014	1.1410e-011	7.8198e-014	1.3112e-013	1.1780e-014	1.0256e-005	
"26.06.2024 14:18:54.368"	1.4007e-010	-8.4774e-014	1.1016e-011	7.7249e-014	1.3409e-013	1.1904e-014	1.0256e-005	
"26.06.2024 14:18:54.652"	1.3627e-010	-8.6123e-014	1.1286e-011	7.3984e-014	1.3372e-013	1.1627e-014	1.0256e-005	
"26.06.2024 14:18:54.936"	1.3859e-010	-8.5210e-014	1.1476e-011	7.5188e-014	1.2927e-013	1.1557e-014	1.0256e-005	
"26.06.2024 14:18:55.219"	1.4015e-010	-8.5014e-014	1.1057e-011	7.6613e-014	1.3361e-013	1.1911e-014	1.0256e-005	
"26.06.2024 14:18:55.503"	1.3640e-010	-8.7804e-014	1.1286e-011	7.6087e-014	1.2929e-013	1.1320e-014	1.0263e-005	
"26.06.2024 14:18:55.786"	1.3833e-010	-8.4716e-014	1.1473e-011	7.4307e-014	1.2538e-013	1.1385e-014	1.0263e-005	
"26.06.2024 14:18:56.070"	1.4007e-010	-8.6483e-014	1.1021e-011	7.5518e-014	1.3266e-013	1.2028e-014	1.0263e-005	
"26.06.2024 14:18:56.353"	1.3645e-010	-8.7785e-014	1.1288e-011	7.5136e-014	1.3025e-013	1.1401e-014	1.0243e-005	
"26.06.2024 14:18:56.637"	1.3815e-010	-8.4919e-014	1.1473e-011	7.7567e-014	1.3016e-013	1.1481e-014	1.0243e-005	
"26.06.2024 14:18:56.921"	1.3988e-010	-8.6869e-014	1.0976e-011	7.5410e-014	1.3110e-013	1.1680e-014	1.0243e-005	
"26.06.2024 14:18:57.205"	1.3649e-010	-8.6752e-014	1.1268e-011	7.2250e-014	1.3054e-013	1.1362e-014	1.0243e-005	
"26.06.2024 14:18:57.489"	1.3850e-010	-8.6289e-014	1.1493e-011	7.5724e-014	1.2550e-013	1.1421e-014	1.0238e-005	
"26.06.2024 14:18:57.772"	1.3996e-010	-8.6791e-014	1.0955e-011	7.5064e-014	1.2922e-013	1.1861e-014	1.0238e-005	
"26.06.2024 14:18:58.055"	1.3669e-010	-8.3168e-014	1.1261e-011	7.5713e-014	1.2976e-013	1.1478e-014	1.0238e-005	
"26.06.2024 14:18:58.339"	1.3825e-010	-8.4133e-014	1.1529e-011	7.4915e-014	1.2685e-013	1.1575e-014	1.0238e-005	
"26.06.2024 14:18:58.622"	1.4001e-010	-8.4708e-014	1.0992e-011	7.5102e-014	1.3099e-013	1.1700e-014	1.0244e-005	
"26.06.2024 14:18:58.906"	1.3675e-010	-8.8247e-014	1.1253e-011	7.6534e-014	1.2824e-013	1.1374e-014	1.0244e-005	
"26.06.2024 14:18:59.190"	1.3827e-010	-8.8209e-014	1.1475e-011	7.5170e-014	1.2715e-013	1.1141e-014	1.0244e-005	
"26.06.2024 14:18:59.473"	1.3993e-010	-9.0430e-014	1.0992e-011	7.6572e-014	1.2680e-013	1.1472e-014	1.0244e-005	
"26.06.2024 14:18:59.756"	1.3669e-010	-8.8460e-014	1.1311e-011	7.4978e-014	1.2813e-013	1.1171e-014	1.0261e-005	
"26.06.2024 14:19:00.042"	1.3814e-010	-8.2212e-014	1.1480e-011	7.4375e-014	1.2818e-013	1.1503e-014	1.0261e-005	
"26.06.2024 14:19:00.325"	1.3966e-010	-9.0696e-014	1.0940e-011	7.6858e-014	1.3062e-013	1.1536e-014	1.0261e-005	
"26.06.2024 14:19:00.608"	1.3723e-010	-8.7198e-014	1.1272e-011	7.5460e-014	1.2900e-013	1.1566e-014	1.0261e-005	
"26.06.2024 14:19:00.892"	1.3827e-010	-8.6280e-014	1.1541e-011	7.2911e-014	1.2452e-013	1.1083e-014	1.0251e-005	
"26.06.2024 14:19:01.175"	1.3958e-010	-8.5792e-014	1.0912e-011	7.5738e-014	1.2786e-013	1.1655e-014	1.0251e-005	
"26.06.2024 14:19:01.459"	1.3757e-010	-8.7639e-014	1.1224e-011	7.4809e-014	1.2820e-013	1.1711e-014	1.0251e-005	
"26.06.2024 14:19:01.742"	1.3824e-010	-8.7410e-014	1.1476e-011	7.2855e-014	1.2562e-013	1.1258e-014	1.0251e-005	
"26.06.2024 14:19:02.025"	1.3959e-010	-8.8234e-014	1.0912e-011	7.6329e-014	1.2330e-013	1.1582e-014	1.0257e-005	
"26.06.2024 14:19:02.309"	1.3822e-010	-8.2683e-014	1.1213e-011	7.5771e-014	1.2232e-013	1.1106e-014	1.0257e-005	
"26.06.2024 14:19:02.592"	1.3790e-010	-8.5318e-014	1.1420e-011	7.3864e-014	1.2717e-013	1.1023e-014	1.0257e-005	
"26.06.2024 14:19:02.876"	1.3967e-010	-8.5661e-014	1.0905e-011	7.5766e-014	1.3036e-013	1.1997e-014	1.0259e-005	
"26.06.2024 14:19:03.159"	1.3854e-010	-8.4599e-014	1.1233e-011	7.4270e-014	1.3221e-013	1.1435e-014	1.0259e-005	
"26.06.2024 14:19:03.443"	1.3772e-010	-8.6386e-014	1.1459e-011	7.2863e-014	1.2558e-013	1.1041e-014	1.0259e-005	
"26.06.2024 14:19:03.727"	1.3959e-010	-8.5697e-014	1.0894e-011	7.6295e-014	1.2666e-013	1.1482e-014	1.0259e-005	
"26.06.2024 14:19:04.010"	1.3892e-010	-8.7657e-014	1.1227e-011	7.4817e-014	1.2231e-013	1.1361e-014	1.0263e-005	
"26.06.2024 14:19:04.293"	1.3767e-010	-8.6372e-014	1.1399e-011	7.3500e-014	1.2196e-013	1.1009e-014	1.0263e-005	
"26.06.2024 14:19:04.577"	1.3938e-010	-8.6015e-014	1.0918e-011	7.7744e-014	1.2568e-013	1.1146e-014	1.0263e-005	
"26.06.2024 14:19:04.860"	1.3952e-010	-8.7221e-014	1.1250e-011	7.4679e-014	1.2691e-013	1.1478e-014	1.0263e-005	
"26.06.2024 14:19:05.144"	1.3772e-010	-8.7757e-014	1.1429e-011	7.4140e-014	1.2152e-013	1.0985e-014	1.0264e-005	
"26.06.2024 14:19:05.427"	1.3941e-010	-8.7352e-014	1.0907e-011	7.6427e-014	1.2370e-013	1.1331e-014	1.0264e-005	
"26.06.2024 14:19:05.710"	1.3979e-010	-8.4140e-014	1.1226e-011	7.5857e-014	1.2718e-013	1.1617e-014	1.0264e-005	
"26.06.2024 14:19:05.994"	1.3773e-010	-8.4732e-014	1.1448e-011	7.2042e-014	1.2089e-013	1.0989e-014	1.0264e-005	
"26.06.2024 14:19:06.277"	1.3902e-010	-8.8879e-014	1.0902e-011	7.7414e-014	1.2719e-013	1.1381e-014	1.0263e-005	
"26.06.2024 14:19:06.561"	1.4031e-010	-8.3243e-014	1.1118e-011	7.5436e-014	1.3172e-013	1.1607e-014	1.0263e-005	
"26.06.2024 14:19:06.844"	1.3736e-010	-8.5352e-014	1.1394e-011	7.4112e-014	1.2059e-013	1.0759e-014	1.0263e-005	
"26.06.2024 14:19:07.127"	1.3939e-010	-8.5236e-014	1.0979e-011	7.8756e-014	1.2668e-013	1.1053e-014	1.0263e-005	
"26.06.2024 14:19:07.411"	1.4052e-010	-8.9844e-014	1.1187e-011	7.4392e-014	1.3080e-013	1.1479e-014	1.0250e-005	
"26.06.2024 14:19:07.694"	1.3720e-010	-8.7362e-014	1.1387e-011	7.3549e-014	1.2103e-013	1.0771e-014	1.0250e-005	
"26.06.2024 14:19:07.978"	1.3929e-010	-8.6397e-014	1.1018e-011	7.7559e-014	1.2309e-013	1.1159e-014	1.0250e-005	
"26.06.2024 14:19:08.262"	1.4067e-010	-8.4798e-014	1.1176e-011	7.6833e-014	1.2816e-013	1.1669e-014	1.0250e-005	
"26.06.2024 14:19:08.545"	1.3696e-010	-8.7682e-014	1.1383e-011	7.4301e-014	1.2348e-013	1.0395e-014	1.0264e-005	
"26.06.2024 14:19:08.829"	1.3923e-010	-8.7772e-014	1.1076e-011	7.7581e-014	1.1914e-013	1.1292e-014	1.0264e-005	
"26.06.2024 14:19:09.112"	1.4077e-010	-8.7257e-014	1.1188e-011	7.5698e-014	1.2583e-013	1.1448e-014	1.0264e-005	
"26.06.2024 14:19:09.395"	1.3681e-010	-8.5238e-014	1.1382e-011	7.4594e-014	1.2188e-013	1.0536e-014	1.0266e-005	
"26.06.2024 14:19:09.679"	1.3898e-010	-8.6643e-014	1.1163e-011	7.7272e-014	1.2189e-013	1.1218e-014	1.0266e-005	
"26.06.2024 14:19:09.962"	1.4066e-010	-8.8998e-014	1.1127e-011	7.3169e-014	1.2790e-013	1.1379e-014	1.0266e-005	
"26.06.2024 14:19:10.247"	1.3684e-010	-8.3079e-014	1.1401e-011	7.4275e-014	1.2226e-013	1.0599e-014	1.0266e-005	
"26.06.2024 14:19:10.530"	1.3885e-010	-8.6674e-014	1.1171e-011	7.8419e-014	1.2257e-013	1.0717e-014	1.0268e-005	
"26.06.2024 14:19:10.814"	1.4059e-010	-8.8185e-014	1.1130e-011	7.6214e-014	1.2758e-013	1.1460e-014	1.0268e-005	
"26.06.2024 14:19:11.097"	1.3688e-010	-8.4045e-014	1.1386e-011	7.4280e-014	1.2334e-013	1.0891e-014	1.0268e-005	
"26.06.2024 14:19:11.380"	1.3874e-010	-8.5997e-014	1.1253e-011	7.8522e-014	1.2263e-013	1.1034e-014	1.0268e-005	
"26.06.2024 14:19:11.664"	1.4042e-010	-8.6234e-014	1.1088e-011	7.6009e-014	1.2690e-013	1.1270e-014	1.0263e-005	
"26.06.2024 14:19:11.947"	1.3681e-010	-8.7372e-014	1.1370e-011	7.4197e-014	1.1955e-013	1.0713e-014	1.0263e-005	
"26.06.2024 14:19:12.232"	1.3895e-010	-9.0350e-014	1.1237e-011	7.7477e-014	1.2435e-013	1.0780e-014	1.0263e-005	
"26.06.2024 14:19:12.515"	1.4019e-010	-8.4192e-014	1.1121e-011	7.5586e-014	1.1891e-013	1.1079e-014	1.0263e-005	
"26.06.2024 14:19:12.799"	1.3663e-010	-8.6788e-014	1.1340e-011	7.5002e-014	1.2380e-013	1.0295e-014	1.0266e-005	
"26.06.2024 14:19:13.082"	1.3896e-010	-8.9540e-014	1.1285e-011	7.6815e-014	1.2130e-013	1.0759e-014	1.0266e-005	
"26.06.2024 14:19:13.367"	1.4026e-010	-8.6740e-014	1.1096e-011	7.4803e-014	1.2478e-013	1.1096e-014	1.0266e-005	
"26.06.2024 14:19:13.650"	1.3628e-010	-8.6961e-014	1.1357e-011	7.4760e-014	1.1847e-013	1.0659e-014	1.0266e-005	
"26.06.2024 14:19:13.933"	1.3895e-010	-8.4334e-014	1.1358e-011	7.6853e-014	1.2569e-013	1.0988e-014	1.0266e-005	
"26.06.2024 14:19:14.217"	1.4045e-010	-8.4119e-014	1.1124e-011	7.7905e-014	1.2436e-013	1.0856e-014	1.0266e-005	
"26.06.2024 14:19:14.500"	1.3639e-010	-8.4881e-014	1.1360e-011	7.3681e-014	1.2064e-013	1.0397e-014	1.0266e-005	
"26.06.2024 14:19:14.784"	1.3881e-010	-8.5256e-014	1.1341e-011	7.8652e-014	1.2079e-013	1.0833e-014	1.0266e-005	
"26.06.2024 14:19:15.069"	1.4051e-010	-8.6695e-014	1.1050e-011	7.5354e-014	1.2562e-013	1.0781e-014	1.0269e-005	
"26.06.2024 14:19:15.352"	1.3637e-010	-8.8646e-014	1.1291e-011	7.4985e-014	1.1870e-013	1.0338e-014	1.0269e-005	
"26.06.2024 14:19:15.636"	1.3869e-010	-8.5759e-014	1.1404e-011	7.7283e-014	1.1832e-013	1.0692e-014	1.0269e-005	
"26.06.2024 14:19:15.919"	1.4035e-010	-8.6456e-014	1.1094e-011	7.6018e-014	1.2014e-013	1.0978e-014	1.0269e-005	
"26.06.2024 14:19:16.202"	1.3648e-010	-8.5511e-014	1.1365e-011	7.3551e-014	1.2094e-013	1.0304e-014	1.0262e-005	
"26.06.2024 14:19:16.486"	1.3870e-010	-8.5243e-014	1.1419e-011	7.7876e-014	1.1830e-013	1.0626e-014	1.0262e-005	
"26.06.2024 14:19:16.769"	1.4010e-010	-8.2818e-014	1.0987e-011	7.5711e-014	1.2151e-013	1.1227e-014	1.0262e-005	
"26.06.2024 14:19:17.053"	1.3651e-010	-8.6167e-014	1.1326e-011	7.3228e-014	1.2227e-013	1.0415e-014	1.0266e-005	
"26.06.2024 14:19:17.337"	1.3853e-010	-8.6367e-014	1.1499e-011	7.6937e-014	1.1678e-013	1.0469e-014	1.0266e-005	
"26.06.2024 14:19:17.620"	1.3999e-010	-8.5287e-014	1.1024e-011	7.7211e-014	1.2280e-013	1.0999e-014	1.0266e-005	
"26.06.2024 14:19:17.903"	1.3669e-010	-8.6031e-014	1.1286e-011	7.4774e-014	1.2199e-013	1.0260e-014	1.0266e-005	
"26.06.2024 14:19:18.187"	1.3862e-010	-8.7320e-014	1.1537e-011	7.4889e-014	1.1461e-013	1.0526e-014	1.0266e-005	
"26.06.2024 14:19:18.470"	1.3997e-010	-8.4811e-014	1.0977e-011	7.6187e-014	1.2565e-013	1.0862e-014	1.0266e-005	
"26.06.2024 14:19:18.754"	1.3700e-010	-8.7046e-014	1.1246e-011	7.6039e-014	1.2216e-013	1.0551e-014	1.0266e-005	
"26.06.2024 14:19:19.037"	1.3842e-010	-9.0632e-014	1.1520e-011	7.2372e-014	1.1858e-013	1.0275e-014	1.0266e-005	
"26.06.2024 14:19:19.320"	1.3997e-010	-8.4091e-014	1.0981e-011	7.6778e-014	1.1985e-013	1.0542e-014	1.0267e-005	
"26.06.2024 14:19:19.604"	1.3757e-010	-8.4100e-014	1.1228e-011	7.4820e-014	1.2284e-013	1.0635e-014	1.0267e-005	
"26.06.2024 14:19:19.887"	1.3825e-010	-8.7070e-014	1.1493e-011	7.4221e-014	1.1420e-013	1.0170e-014	1.0267e-005	
"26.06.2024 14:19:20.171"	1.3997e-010	-8.5729e-014	1.0961e-011	7.7997e-014	1.1922e-013	1.0777e-014	1.0267e-005	
"26.06.2024 14:19:20.454"	1.3807e-010	-8.5887e-014	1.1284e-011	7.5944e-014	1.1637e-013	1.0489e-014	1.0266e-005	
"26.06.2024 14:19:20.738"	1.3804e-010	-8.3281e-014	1.1430e-011	7.2509e-014	1.1826e-013	1.0202e-014	1.0266e-005	
"26.06.2024 14:19:21.021"	1.3962e-010	-8.5374e-014	1.0916e-011	7.6155e-014	1.1966e-013	1.0727e-014	1.0266e-005	
"26.06.2024 14:19:21.304"	1.3888e-010	-8.6634e-014	1.1261e-011	7.5368e-014	1.2130e-013	1.0774e-014	1.0266e-005	
"26.06.2024 14:19:21.588"	1.3770e-010	-8.5235e-014	1.1464e-011	7.2974e-014	1.1499e-013	1.0219e-014	1.0266e-005	
"26.06.2024 14:19:21.872"	1.3951e-010	-8.8501e-014	1.0894e-011	7.7647e-014	1.1677e-013	1.0359e-014	1.0266e-005	
"26.06.2024 14:19:22.155"	1.3940e-010	-8.6739e-014	1.1222e-011	7.5251e-014	1.2190e-013	1.0619e-014	1.0266e-005	
"26.06.2024 14:19:22.439"	1.3805e-010	-8.7616e-014	1.1494e-011	7.4947e-014	1.1550e-013	1.0121e-014	1.0266e-005	
"26.06.2024 14:19:22.722"	1.3928e-010	-8.8382e-014	1.0878e-011	7.7552e-014	1.1492e-013	1.0636e-014	1.0271e-005	
"26.06.2024 14:19:23.006"	1.3999e-010	-8.7738e-014	1.1160e-011	7.4101e-014	1.2195e-013	1.0839e-014	1.0271e-005	
"26.06.2024 14:19:23.289"	1.3785e-010	-8.3013e-014	1.1455e-011	7.2934e-014	1.1460e-013	1.0346e-014	1.0271e-005	
"26.06.2024 14:19:23.572"	1.3954e-010	-8.7642e-014	1.0969e-011	7.7273e-014	1.1808e-013	1.0370e-014	1.0270e-005	
"26.06.2024 14:19:23.856"	1.4031e-010	-8.5425e-014	1.1197e-011	7.5134e-014	1.1980e-013	1.0845e-014	1.0270e-005	
"26.06.2024 14:19:24.139"	1.3753e-010	-8.2742e-014	1.1420e-011	7.2768e-014	1.1296e-013	9.9707e-015	1.0270e-005	
"26.06.2024 14:19:24.423"	1.3951e-010	-8.6144e-014	1.0970e-011	7.7883e-014	1.1527e-013	1.0514e-014	1.0270e-005	
"26.06.2024 14:19:24.706"	1.4072e-010	-8.5149e-014	1.1173e-011	7.5331e-014	1.1830e-013	1.0778e-014	1.0277e-005	
"26.06.2024 14:19:24.990"	1.3720e-010	-8.5781e-014	1.1413e-011	7.4213e-014	1.1329e-013	9.9791e-015	1.0277e-005	
"26.06.2024 14:19:25.274"	1.3934e-010	-8.4665e-014	1.1021e-011	7.8628e-014	1.1718e-013	1.0505e-014	1.0277e-005	
"26.06.2024 14:19:25.557"	1.4088e-010	-8.6941e-014	1.1220e-011	7.5244e-014	1.1940e-013	1.0504e-014	1.0277e-005	
"26.06.2024 14:19:25.841"	1.3710e-010	-8.4416e-014	1.1405e-011	7.4067e-014	1.1311e-013	1.0241e-014	1.0284e-005	
"26.06.2024 14:19:26.124"	1.3905e-010	-8.6901e-014	1.1093e-011	7.7978e-014	1.1484e-013	1.0308e-014	1.0284e-005	
"26.06.2024 14:19:26.408"	1.4077e-010	-8.7794e-014	1.1152e-011	7.5077e-014	1.1649e-013	1.0612e-014	1.0284e-005	
"26.06.2024 14:19:26.692"	1.3726e-010	-8.3761e-014	1.1398e-011	7.3321e-014	1.1711e-013	1.0226e-014	1.0284e-005	
"26.06.2024 14:19:26.975"	1.3903e-010	-8.2758e-014	1.1134e-011	7.8595e-014	1.1507e-013	1.0178e-014	1.0268e-005	
"26.06.2024 14:19:27.260"	1.4051e-010	-8.8773e-014	1.1146e-011	7.7123e-014	1.1608e-013	1.0383e-014	1.0268e-005	
"26.06.2024 14:19:27.543"	1.3690e-010	-8.5927e-014	1.1386e-011	7.4416e-014	1.1428e-013	9.8944e-015	1.0268e-005	
"26.06.2024 14:19:27.826"	1.3919e-010	-8.7573e-014	1.1207e-011	7.8013e-014	1.1329e-013	1.0341e-014	1.0268e-005	
"26.06.2024 14:19:28.110"	1.4066e-010	-8.5671e-014	1.1133e-011	7.6338e-014	1.1853e-013	1.0378e-014	1.0265e-005	
"26.06.2024 14:19:28.394"	1.3658e-010	-8.5688e-014	1.1346e-011	7.5019e-014	1.1133e-013	9.6298e-015	1.0265e-005	
"26.06.2024 14:19:28.678"	1.3903e-010	-8.5163e-014	1.1228e-011	7.7953e-014	1.1532e-013	1.0177e-014	1.0265e-005	
"26.06.2024 14:19:28.961"	1.4073e-010	-8.5910e-014	1.1121e-011	7.5090e-014	1.2243e-013	1.0808e-014	1.0265e-005	
"26.06.2024 14:19:29.244"	1.3675e-010	-8.4620e-014	1.1348e-011	7.3347e-014	1.1197e-013	9.7156e-015	1.0261e-005	
"26.06.2024 14:19:29.528"	1.3873e-010	-8.5789e-014	1.1283e-011	7.7731e-014	1.1732e-013	1.0512e-014	1.0261e-005	
"26.06.2024 14:19:29.811"	1.4049e-010	-8.6562e-014	1.1173e-011	7.6231e-014	1.1763e-013	1.0452e-014	1.0261e-005	
"26.06.2024 14:19:30.096"	1.3671e-010	-8.4739e-014	1.1404e-011	7.3105e-014	1.1174e-013	9.8777e-015	1.0261e-005	
"26.06.2024 14:19:30.380"	1.3881e-010	-8.7769e-014	1.1333e-011	7.6203e-014	1.1277e-013	1.0138e-014	1.0269e-005	
"26.06.2024 14:19:30.663"	1.4040e-010	-8.5473e-014	1.1098e-011	7.6042e-014	1.1781e-013	1.0392e-014	1.0269e-005	
"26.06.2024 14:19:30.947"	1.3672e-010	-9.2157e-014	1.1385e-011	7.2830e-014	1.1245e-013	9.6417e-015	1.0269e-005	
"26.06.2024 14:19:31.230"	1.3878e-010	-8.6223e-014	1.1353e-011	7.8235e-014	1.1646e-013	1.0239e-014	1.0265e-005	
"26.06.2024 14:19:31.514"	1.4027e-010	-8.6184e-014	1.1052e-011	7.6033e-014	1.1465e-013	1.0513e-014	1.0265e-005	
"26.06.2024 14:19:31.797"	1.3650e-010	-8.7562e-014	1.1327e-011	7.5883e-014	1.0918e-013	9.7084e-015	1.0265e-005	
"26.06.2024 14:19:32.081"	1.3870e-010	-8.5678e-014	1.1431e-011	7.8299e-014	1.1253e-013	1.0098e-014	1.0265e-005	
"26.06.2024 14:19:32.364"	1.4016e-010	-8.8489e-014	1.1081e-011	7.5541e-014	1.1531e-013	1.0207e-014	1.0266e-005	
"26.06.2024 14:19:32.647"	1.3657e-010	-8.4834e-014	1.1345e-011	7.5456e-014	1.1616e-013	9.8336e-015	1.0266e-005	
"26.06.2024 14:19:32.931"	1.3862e-010	-8.6334e-014	1.1456e-011	7.7221e-014	1.0527e-013	9.9266e-015	1.0266e-005	
"26.06.2024 14:19:33.214"	1.3989e-010	-8.4084e-014	1.0976e-011	7.6715e-014	1.1468e-013	1.0146e-014	1.0266e-005	
"26.06.2024 14:19:33.498"	1.3678e-010	-8.4639e-014	1.1307e-011	7.3697e-014	1.1570e-013	9.8265e-015	1.0270e-005	
"26.06.2024 14:19:33.781"	1.3861e-010	-8.6462e-014	1.1506e-011	7.5497e-014	1.1107e-013	1.0104e-014	1.0270e-005	
"26.06.2024 14:19:34.064"	1.4021e-010	-8.6758e-014	1.0985e-011	7.7330e-014	1.1547e-013	1.0176e-014	1.0270e-005	
"26.06.2024 14:19:34.348"	1.3711e-010	-8.7047e-014	1.1251e-011	7.5168e-014	1.1076e-013	9.7931e-015	1.0270e-005	
"26.06.2024 14:19:34.631"	1.3832e-010	-9.2192e-014	1.1554e-011	7.3873e-014	1.0893e-013	1.0022e-014	1.0270e-005	
"26.06.2024 14:19:34.915"	1.3999e-010	-8.4373e-014	1.0978e-011	7.5963e-014	1.1217e-013	9.9719e-015	1.0270e-005	
"26.06.2024 14:19:35.198"	1.3766e-010	-8.3550e-014	1.1258e-011	7.3940e-014	1.1358e-013	9.7919e-015	1.0270e-005	
"26.06.2024 14:19:35.482"	1.3797e-010	-8.6345e-014	1.1444e-011	7.3442e-014	1.1134e-013	9.9600e-015	1.0270e-005	
"26.06.2024 14:19:35.765"	1.3971e-010	-8.7202e-014	1.0945e-011	7.5552e-014	1.1324e-013	1.0269e-014	1.0265e-005	
"26.06.2024 14:19:36.049"	1.3837e-010	-8.6234e-014	1.1275e-011	7.3976e-014	1.1455e-013	9.7764e-015	1.0265e-005	
"26.06.2024 14:19:36.332"	1.3831e-010	-8.7531e-014	1.1471e-011	7.3153e-014	1.0733e-013	1.0011e-014	1.0265e-005	
"26.06.2024 14:19:36.616"	1.3982e-010	-8.5851e-014	1.0914e-011	7.6956e-014	1.0601e-013	1.0016e-014	1.0265e-005	
"26.06.2024 14:19:36.899"	1.3871e-010	-8.8363e-014	1.1272e-011	7.4330e-014	1.1613e-013	1.0144e-014	1.0279e-005	
"26.06.2024 14:19:37.183"	1.3798e-010	-8.4227e-014	1.1490e-011	7.2116e-014	1.0946e-013	9.5869e-015	1.0279e-005	
"26.06.2024 14:19:37.466"	1.3940e-010	-8.6292e-014	1.0905e-011	7.6678e-014	1.1093e-013	9.6131e-015	1.0279e-005	
"26.06.2024 14:19:37.749"	1.3950e-010	-8.8714e-014	1.1222e-011	7.6444e-014	1.1372e-013	1.0169e-014	1.0268e-005	
"26.06.2024 14:19:38.033"	1.3806e-010	-8.7659e-014	1.1453e-011	7.1452e-014	1.0900e-013	9.5523e-015	1.0268e-005	
"26.06.2024 14:19:38.316"	1.3975e-010	-8.5002e-014	1.0981e-011	7.8318e-014	1.1016e-013	1.0042e-014	1.0268e-005	
"26.06.2024 14:19:38.600"	1.3958e-010	-8.7796e-014	1.1232e-011	7.5655e-014	1.1642e-013	9.7490e-015	1.0268e-005	
"26.06.2024 14:19:38.883"	1.3769e-010	-8.6074e-014	1.1437e-011	7.3850e-014	1.0887e-013	9.5439e-015	1.0270e-005	
"26.06.2024 14:19:39.166"	1.3952e-010	-8.7617e-014	1.0925e-011	7.6672e-014	1.1300e-013	9.7979e-015	1.0270e-005	
"26.06.2024 14:19:39.450"	1.4019e-010	-8.5765e-014	1.1213e-011	7.4720e-014	1.1058e-013	1.0083e-014	1.0270e-005	
"26.06.2024 14:19:39.733"	1.3763e-010	-8.4843e-014	1.1475e-011	7.2289e-014	1.0735e-013	9.6798e-015	1.0270e-005	
"26.06.2024 14:19:40.017"	1.3937e-010	-8.2390e-014	1.0926e-011	7.8458e-014	1.1166e-013	9.8408e-015	1.0271e-005	
"26.06.2024 14:19:40.302"	1.4022e-010	-8.5747e-014	1.1207e-011	7.5646e-014	1.1431e-013	9.6786e-015	1.0271e-005	
"26.06.2024 14:19:40.585"	1.3789e-010	-8.3199e-014	1.1459e-011	7.4109e-014	1.0463e-013	9.5082e-015	1.0271e-005	
"26.06.2024 14:19:40.868"	1.3952e-010	-8.3657e-014	1.0962e-011	7.8375e-014	1.1137e-013	9.9206e-015	1.0271e-005	
"26.06.2024 14:19:41.152"	1.4040e-010	-8.7547e-014	1.1193e-011	7.5604e-014	1.0791e-013	1.0023e-014	1.0275e-005	
"26.06.2024 14:19:41.435"	1.3754e-010	-8.6211e-014	1.1413e-011	7.4383e-014	1.0601e-013	9.3270e-015	1.0275e-005	
"26.06.2024 14:19:41.719"	1.3944e-010	-8.6739e-014	1.1012e-011	7.7476e-014	1.0916e-013	9.8646e-015	1.0275e-005	
"26.06.2024 14:19:42.002"	1.4066e-010	-8.4212e-014	1.1189e-011	7.4337e-014	1.1155e-013	1.0109e-014	1.0275e-005	
"26.06.2024 14:19:42.286"	1.3720e-010	-8.5167e-014	1.1436e-011	7.4375e-014	1.0424e-013	9.3508e-015	1.0266e-005	
"26.06.2024 14:19:42.569"	1.3942e-010	-8.6405e-014	1.1048e-011	7.7634e-014	1.0682e-013	9.7275e-015	1.0266e-005	
"26.06.2024 14:19:42.853"	1.4072e-010	-8.4861e-014	1.1128e-011	7.5113e-014	1.1361e-013	9.9111e-015	1.0266e-005	
"26.06.2024 14:19:43.136"	1.3712e-010	-8.3011e-014	1.1435e-011	7.3490e-014	1.0488e-013	9.1696e-015	1.0266e-005	
"26.06.2024 14:19:43.420"	1.3929e-010	-8.4192e-014	1.1107e-011	7.8167e-014	1.0715e-013	9.5511e-015	1.0278e-005	
"26.06.2024 14:19:43.704"	1.4082e-010	-8.9329e-014	1.1158e-011	7.6995e-014	1.1065e-013	9.9123e-015	1.0278e-005	
"26.06.2024 14:19:43.987"	1.3687e-010	-8.5626e-014	1.1356e-011	7.3300e-014	1.0508e-013	9.3604e-015	1.0278e-005	
"26.06.2024 14:19:44.271"	1.3918e-010	-8.6983e-014	1.1164e-011	7.8566e-014	1.0894e-013	1.0037e-014	1.0278e-005	
"26.06.2024 14:19:44.555"	1.4089e-010	-8.6685e-014	1.1186e-011	7.5622e-014	1.0949e-013	9.7931e-015	1.0278e-005	
"26.06.2024 14:19:44.838"	1.3704e-010	-8.3057e-014	1.1352e-011	7.4847e-014	1.0868e-013	9.3854e-015	1.0278e-005	
"26.06.2024 14:19:45.123"	1.3921e-010	-8.7714e-014	1.1129e-011	7.7458e-014	1.0462e-013	9.4629e-015	1.0278e-005	
"26.06.2024 14:19:45.407"	1.4072e-010	-8.4181e-014	1.1186e-011	7.6136e-014	1.1329e-013	1.0070e-014	1.0282e-005	
"26.06.2024 14:19:45.690"	1.3720e-010	-8.4158e-014	1.1444e-011	7.4478e-014	1.0612e-013	9.3115e-015	1.0282e-005	
"26.06.2024 14:19:45.973"	1.3890e-010	-8.7203e-014	1.1150e-011	7.6161e-014	1.0482e-013	9.4605e-015	1.0282e-005	
"26.06.2024 14:19:46.257"	1.4046e-010	-8.6025e-014	1.1115e-011	7.5029e-014	1.0624e-013	9.8825e-015	1.0282e-005	
"26.06.2024 14:19:46.540"	1.3679e-010	-8.7298e-014	1.1358e-011	7.3583e-014	1.0519e-013	9.2340e-015	1.0286e-005	
"26.06.2024 14:19:46.824"	1.3913e-010	-8.7253e-014	1.1271e-011	7.8215e-014	1.0500e-013	9.6751e-015	1.0286e-005	
"26.06.2024 14:19:47.107"	1.4040e-010	-8.8328e-014	1.1105e-011	7.7247e-014	1.0804e-013	9.7371e-015	1.0286e-005	
"26.06.2024 14:19:47.391"	1.3662e-010	-8.5211e-014	1.1378e-011	7.2829e-014	1.0773e-013	9.1255e-015	1.0286e-005	
"26.06.2024 14:19:47.674"	1.3904e-010	-8.6211e-014	1.1357e-011	7.8553e-014	1.0278e-013	9.2805e-015	1.0279e-005	
"26.06.2024 14:19:47.957"	1.4057e-010	-8.5524e-014	1.1118e-011	7.5915e-014	1.0899e-013	9.6262e-015	1.0279e-005	
"26.06.2024 14:19:48.241"	1.3656e-010	-8.5623e-014	1.1397e-011	7.4272e-014	1.0285e-013	9.4164e-015	1.0279e-005	
"26.06.2024 14:19:48.524"	1.3865e-010	-8.8188e-014	1.1366e-011	7.7216e-014	1.0792e-013	9.4772e-015	1.0279e-005	
"26.06.2024 14:19:48.808"	1.4043e-010	-8.5266e-014	1.1065e-011	7.4691e-014	1.0048e-013	9.6012e-015	1.0273e-005	
"26.06.2024 14:19:49.092"	1.3660e-010	-8.7158e-014	1.1340e-011	7.4027e-014	1.0455e-013	9.0480e-015	1.0273e-005	
"26.06.2024 14:19:49.375"	1.3901e-010	-8.3696e-014	1.1458e-011	7.7539e-014	1.0606e-013	9.4784e-015	1.0273e-005	
"26.06.2024 14:19:49.658"	1.4012e-010	-8.5743e-014	1.1041e-011	7.5729e-014	1.0701e-013	9.7967e-015	1.0273e-005	
"26.06.2024 14:19:49.942"	1.3662e-010	-8.4344e-014	1.1309e-011	7.5848e-014	1.0577e-013	9.0504e-015	1.0275e-005	
"26.06.2024 14:19:50.225"	1.3882e-010	-8.8417e-014	1.1463e-011	7.7306e-014	1.0551e-013	9.4438e-015	1.0275e-005	
"26.06.2024 14:19:50.509"	1.4024e-010	-8.4855e-014	1.1031e-011	7.6367e-014	1.0478e-013	9.5821e-015	1.0275e-005	
"26.06.2024 14:19:50.792"	1.3658e-010	-8.5331e-014	1.1362e-011	7.4903e-014	1.0628e-013	8.9670e-015	1.0275e-005	
"26.06.2024 14:19:51.076"	1.3879e-010	-8.5118e-014	1.1548e-011	7.5380e-014	1.0981e-013	9.8372e-015	1.0275e-005	
"26.06.2024 14:19:51.359"	1.4005e-010	-8.5234e-014	1.0979e-011	7.5990e-014	1.1151e-013	9.6560e-015	1.0275e-005	
"26.06.2024 14:19:51.642"	1.3686e-010	-8.4153e-014	1.1303e-011	7.3756e-014	1.1167e-013	9.2817e-015	1.0275e-005	
"26.06.2024 14:19:51.926"	1.3863e-010	-8.6180e-014	1.1546e-011	7.5130e-014	1.1418e-013	1.0985e-014	1.0262e-005	
"26.06.2024 14:19:52.209"	1.3413e-010	-8.6788e-014	1.1824e-011	7.1328e-014	1.8269e-011	2.4370e-014	1.0262e-005	
"26.06.2024 14:19:52.493"	1.1780e-010	-8.5609e-014	1.0180e-011	8.1598e-014	4.2927e-011	-7.4098e-014	1.0262e-005	
"26.06.2024 14:19:52.776"	1.1462e-010	-8.5674e-014	9.1935e-012	8.9115e-014	4.9468e-011	-8.6144e-014	1.0262e-005	
"26.06.2024 14:19:53.059"	1.1375e-010	-8.5385e-014	8.7702e-012	9.0325e-014	5.2562e-011	-8.6451e-014	1.0073e-005	
"26.06.2024 14:19:53.343"	1.1173e-010	-8.2942e-014	8.9895e-012	9.0152e-014	5.2750e-011	-9.1792e-014	1.0073e-005	
"26.06.2024 14:19:53.627"	1.1227e-010	-8.7809e-014	9.1047e-012	8.9406e-014	5.0761e-011	-8.6313e-014	1.0073e-005	
"26.06.2024 14:19:53.910"	1.1229e-010	-8.7962e-014	8.5947e-012	9.2222e-014	5.2101e-011	-9.0103e-014	1.0073e-005	
"26.06.2024 14:19:54.193"	1.1077e-010	-8.9630e-014	8.6937e-012	9.1901e-014	5.2573e-011	-8.6994e-014	9.9319e-006	
"26.06.2024 14:19:54.477"	1.0939e-010	-8.7585e-014	8.6911e-012	9.2340e-014	5.0252e-011	-8.7842e-014	9.9319e-006	
"26.06.2024 14:19:54.760"	1.0943e-010	-8.7428e-014	8.2326e-012	9.3335e-014	5.0711e-011	-8.7917e-014	9.9319e-006	
"26.06.2024 14:19:55.044"	1.0888e-010	-8.6542e-014	8.3310e-012	9.3278e-014	5.0790e-011	-8.7047e-014	9.9319e-006	
"26.06.2024 14:19:55.328"	1.0710e-010	-8.4998e-014	8.3280e-012	7.0454e-014	4.8066e-011	-8.5763e-014	9.6332e-006	
"26.06.2024 14:19:55.612"	1.0725e-010	-8.6817e-014	7.9331e-012	7.0680e-014	4.8299e-011	-8.4674e-014	9.6332e-006	
"26.06.2024 14:19:55.895"	1.0692e-010	-8.6740e-014	7.9464e-012	7.0309e-014	4.8413e-011	-8.5406e-014	9.6332e-006	
"26.06.2024 14:19:56.179"	1.0448e-010	-8.5459e-014	7.9612e-012	7.0213e-014	4.5480e-011	-8.2955e-014	9.6332e-006	
"26.06.2024 14:19:56.462"	1.0453e-010	-8.6206e-014	7.6265e-012	7.1718e-014	4.5295e-011	-8.4374e-014	9.2603e-006	
"26.06.2024 14:19:56.746"	1.0453e-010	-8.8162e-014	7.5434e-012	6.9614e-014	4.5360e-011	-8.5618e-014	9.2603e-006	
"26.06.2024 14:19:57.029"	1.0202e-010	-8.6094e-014	7.6174e-012	6.8599e-014	4.3299e-011	-8.2931e-014	9.2603e-006	
"26.06.2024 14:19:57.313"	1.0252e-010	-8.6305e-014	7.4846e-012	7.2826e-014	4.3531e-011	-8.3260e-014	9.2603e-006	
"26.06.2024 14:19:57.596"	1.0320e-010	-8.6135e-014	7.3709e-012	7.1659e-014	4.4162e-011	-8.0629e-014	8.8469e-006	
"26.06.2024 14:19:57.880"	1.0124e-010	-8.8133e-014	7.4668e-012	7.0464e-014	4.2743e-011	-8.1236e-014	8.8469e-006	
"26.06.2024 14:19:58.164"	1.0205e-010	-8.5119e-014	7.4224e-012	7.3854e-014	4.3147e-011	-7.7524e-014	8.8469e-006	
"26.06.2024 14:19:58.448"	1.0274e-010	-8.6214e-014	7.3387e-012	7.4177e-014	4.3955e-011	-8.4442e-014	8.8469e-006	
"26.06.2024 14:19:58.731"	1.0085e-010	-8.7250e-014	7.4556e-012	7.1708e-014	4.2773e-011	-7.7232e-014	8.6331e-006	
"26.06.2024 14:19:59.015"	1.0183e-010	-8.8785e-014	7.4448e-012	7.2646e-014	4.3126e-011	-7.9095e-014	8.6331e-006	
"26.06.2024 14:19:59.298"	1.0261e-010	-8.8663e-014	7.3336e-012	7.0391e-014	4.3969e-011	-8.3037e-014	8.6331e-006	
"26.06.2024 14:19:59.582"	1.0067e-010	-8.7303e-014	7.4392e-012	6.8184e-014	4.2891e-011	-7.8373e-014	8.5352e-006	
"26.06.2024 14:19:59.865"	1.0173e-010	-8.6486e-014	7.4341e-012	7.0866e-014	4.3142e-011	-8.1801e-014	8.5352e-006	
"26.06.2024 14:20:00.150"	1.0249e-010	-8.6853e-014	7.3168e-012	6.7974e-014	4.4018e-011	-8.4064e-014	8.5352e-006	
"26.06.2024 14:20:00.434"	1.0067e-010	-8.3419e-014	7.4362e-012	6.9695e-014	4.2953e-011	-7.7138e-014	8.5352e-006	
"26.06.2024 14:20:00.717"	1.0163e-010	-8.6980e-014	7.4612e-012	7.1283e-014	4.3134e-011	-8.2842e-014	8.4789e-006	
"26.06.2024 14:20:01.001"	1.0246e-010	-8.4751e-014	7.2995e-012	7.2119e-014	4.3960e-011	-7.9596e-014	8.4789e-006	
"26.06.2024 14:20:01.284"	1.0055e-010	-8.4093e-014	7.4143e-012	7.4136e-014	4.3058e-011	-7.8152e-014	8.4789e-006	
"26.06.2024 14:20:01.567"	1.0150e-010	-8.8751e-014	7.4893e-012	7.1203e-014	4.2995e-011	-7.8949e-014	8.4789e-006	
"26.06.2024 14:20:01.851"	1.0236e-010	-8.6178e-014	7.3086e-012	7.3250e-014	4.3910e-011	-8.1897e-014	8.4405e-006	
"26.06.2024 14:20:02.134"	1.0056e-010	-8.5619e-014	7.4163e-012	7.3765e-014	4.3198e-011	-7.9533e-014	8.4405e-006	
"26.06.2024 14:20:02.418"	1.0142e-010	-8.7489e-014	7.4979e-012	6.9580e-014	4.3058e-011	-7.9166e-014	8.4405e-006	
"26.06.2024 14:20:02.701"	1.0226e-010	-8.6611e-014	7.2806e-012	6.9324e-014	4.3911e-011	-8.2577e-014	8.4405e-006	
"26.06.2024 14:20:02.985"	1.0052e-010	-8.6559e-014	7.3903e-012	6.7721e-014	4.3443e-011	-7.7375e-014	8.4223e-006	
"26.06.2024 14:20:03.268"	1.0134e-010	-8.6078e-014	7.5199e-012	7.3309e-014	4.3061e-011	-7.6651e-014	8.4223e-006	
"26.06.2024 14:20:03.552"	1.0215e-010	-8.4793e-014	7.2836e-012	6.9964e-014	4.3779e-011	-7.8817e-014	8.4223e-006	
"26.06.2024 14:20:03.835"	1.0076e-010	-8.3123e-014	7.4147e-012	7.3268e-014	4.3677e-011	-8.0139e-014	8.4223e-006	
"26.06.2024 14:20:04.119"	1.0124e-010	-8.5438e-014	7.5082e-012	7.1477e-014	4.3004e-011	-7.8156e-014	8.3837e-006	
"26.06.2024 14:20:04.402"	1.0215e-010	-8.5959e-014	7.2408e-012	7.0701e-014	4.3755e-011	-8.2724e-014	8.3837e-006	
"26.06.2024 14:20:04.686"	1.0104e-010	-8.5085e-014	7.3765e-012	7.1454e-014	4.3843e-011	-7.6063e-014	8.3837e-006	
"26.06.2024 14:20:04.969"	1.0115e-010	-8.5870e-014	7.4949e-012	6.7664e-014	4.2978e-011	-7.9887e-014	8.3837e-006	
"26.06.2024 14:20:05.252"	1.0203e-010	-9.1689e-014	7.2596e-012	7.2750e-014	4.3764e-011	-8.4018e-014	8.3818e-006	
"26.06.2024 14:20:05.536"	1.0332e-010	-8.8184e-014	7.6770e-012	7.0803e-014	3.3026e-011	-2.6502e-014	8.3818e-006	
"26.06.2024 14:20:05.819"	1.1828e-010	-8.5687e-014	8.6794e-012	9.0944e-014	9.9562e-012	8.6512e-014	8.3818e-006	
"26.06.2024 14:20:06.102"	1.2564e-010	-8.7515e-014	9.1123e-012	8.9018e-014	5.2953e-012	7.5410e-014	8.5062e-006	
"26.06.2024 14:20:06.386"	1.2845e-010	-8.3867e-014	9.9093e-012	8.3454e-014	3.8466e-012	7.6280e-014	8.5062e-006	
"26.06.2024 14:20:06.669"	1.3162e-010	-8.4688e-014	1.0577e-011	7.9420e-014	3.0950e-012	7.7692e-014	8.5062e-006	
"26.06.2024 14:20:06.953"	1.3538e-010	-8.5765e-014	1.0442e-011	8.0457e-014	2.7183e-012	7.6519e-014	8.5062e-006	
"26.06.2024 14:20:07.237"	1.3549e-010	-8.5012e-014	1.0973e-011	7.8186e-014	2.3982e-012	7.7214e-014	9.3303e-006	
"26.06.2024 14:20:07.520"	1.3648e-010	-8.5897e-014	1.1341e-011	7.3896e-014	2.0485e-012	7.8295e-014	9.3303e-006	
"26.06.2024 14:20:07.803"	1.3806e-010	-8.6962e-014	1.0759e-011	7.6136e-014	1.8709e-012	7.5963e-014	9.3303e-006	
"26.06.2024 14:20:08.087"	1.3706e-010	-8.5412e-014	1.1083e-011	7.4833e-014	1.6993e-012	7.5588e-014	9.3303e-006	
"26.06.2024 14:20:08.370"	1.3687e-010	-8.8004e-014	1.1364e-011	7.4671e-014	1.4909e-012	7.6224e-014	9.8175e-006	
"26.06.2024 14:20:08.654"	1.3845e-010	-8.6605e-014	1.0798e-011	7.7166e-014	1.3962e-012	7.4700e-014	9.8175e-006	
"26.06.2024 14:20:08.937"	1.3805e-010	-8.7191e-014	1.1112e-011	7.6386e-014	1.2948e-012	7.7447e-014	9.8175e-006	
"26.06.2024 14:20:09.220"	1.3684e-010	-8.4789e-014	1.1406e-011	7.3890e-014	1.1528e-012	7.0470e-014	9.8175e-006	
"26.06.2024 14:20:09.504"	1.3861e-010	-8.7242e-014	1.0833e-011	7.7658e-014	1.0923e-012	7.4706e-014	9.9115e-006	
"26.06.2024 14:20:09.787"	1.3878e-010	-8.5111e-014	1.1107e-011	7.6273e-014	1.0309e-012	7.4086e-014	9.9115e-006	
"26.06.2024 14:20:10.071"	1.3697e-010	-8.7690e-014	1.1354e-011	7.3257e-014	9.2208e-013	7.5946e-014	9.9115e-006	
"26.06.2024 14:20:10.356"	1.3878e-010	-8.6422e-014	1.0855e-011	7.6117e-014	8.8697e-013	7.3655e-014	9.9115e-006	
"26.06.2024 14:20:10.639"	1.3889e-010	-8.6994e-014	1.1175e-011	7.5285e-014	8.4204e-013	7.5712e-014	9.9572e-006	
"26.06.2024 14:20:10.923"	1.3693e-010	-8.6817e-014	1.1368e-011	7.5325e-014	7.5209e-013	7.3895e-014	9.9572e-006	
"26.06.2024 14:20:11.207"	1.3875e-010	-8.7647e-014	1.0883e-011	7.6423e-014	7.3222e-013	7.1967e-014	9.9572e-006	
"26.06.2024 14:20:11.490"	1.3919e-010	-8.6429e-014	1.1172e-011	7.4486e-014	7.1338e-013	7.3873e-014	9.9572e-006	
"26.06.2024 14:20:11.774"	1.3688e-010	-8.3598e-014	1.1343e-011	7.5269e-014	6.3666e-013	7.2835e-014	1.0005e-005	
"26.06.2024 14:20:12.058"	1.3867e-010	-8.4753e-014	1.0882e-011	7.7830e-014	6.1883e-013	7.1014e-014	1.0005e-005	
"26.06.2024 14:20:12.341"	1.3973e-010	-8.7710e-014	1.1130e-011	7.6013e-014	6.1162e-013	7.2972e-014	1.0005e-005	
"26.06.2024 14:20:12.625"	1.3711e-010	-8.6759e-014	1.1349e-011	7.4400e-014	5.5274e-013	6.9456e-014	1.0005e-005	
"26.06.2024 14:20:12.908"	1.3879e-010	-8.6854e-014	1.0914e-011	7.9240e-014	5.4008e-013	7.1813e-014	1.0037e-005	
"26.06.2024 14:20:13.192"	1.3964e-010	-8.9363e-014	1.1092e-011	7.6591e-014	5.2571e-013	9.3282e-014	1.0037e-005	
"26.06.2024 14:20:13.476"	1.3666e-010	-8.4787e-014	1.1364e-011	7.4108e-014	4.8832e-013	8.8215e-014	1.0037e-005	
"26.06.2024 14:20:13.759"	1.3882e-010	-8.6105e-014	1.0970e-011	7.8910e-014	4.7300e-013	8.6855e-014	1.0066e-005	
"26.06.2024 14:20:14.043"	1.4005e-010	-8.7022e-014	1.1096e-011	7.5263e-014	4.7364e-013	8.5977e-014	1.0066e-005	
"26.06.2024 14:20:14.326"	1.3644e-010	-8.4486e-014	1.1315e-011	7.4207e-014	4.3699e-013	7.8172e-014	1.0066e-005	
"26.06.2024 14:20:14.609"	1.3862e-010	-8.7277e-014	1.1051e-011	7.7708e-014	4.3701e-013	7.8032e-014	1.0066e-005	
"26.06.2024 14:20:14.893"	1.4019e-010	-8.4590e-014	1.1172e-011	7.5904e-014	4.3414e-013	7.7457e-014	1.0104e-005	
"26.06.2024 14:20:15.178"	1.3662e-010	-8.6091e-014	1.1314e-011	7.5237e-014	3.9822e-013	6.6823e-014	1.0104e-005	
"26.06.2024 14:20:15.461"	1.3851e-010	-8.6768e-014	1.1045e-011	7.9043e-014	4.0089e-013	6.8400e-014	1.0104e-005	
"26.06.2024 14:20:15.745"	1.4025e-010	-8.4885e-014	1.1075e-011	7.3328e-014	4.0504e-013	6.8732e-014	1.0104e-005	
"26.06.2024 14:20:16.028"	1.3678e-010	-8.8731e-014	1.1345e-011	7.4000e-014	3.7282e-013	5.8748e-014	1.0113e-005	
"26.06.2024 14:20:16.312"	1.3851e-010	-8.3278e-014	1.1097e-011	7.8521e-014	3.7362e-013	5.9154e-014	1.0113e-005	
"26.06.2024 14:20:16.595"	1.3993e-010	-8.5685e-014	1.1105e-011	7.6175e-014	3.7594e-013	5.9547e-014	1.0113e-005	
"26.06.2024 14:20:16.879"	1.3651e-010	-8.6090e-014	1.1332e-011	7.4699e-014	3.5415e-013	5.2607e-014	1.0113e-005	
"26.06.2024 14:20:17.162"	1.3869e-010	-8.5773e-014	1.1110e-011	7.7294e-014	3.5116e-013	5.2701e-014	1.0130e-005	
"26.06.2024 14:20:17.446"	1.3997e-010	-8.7252e-014	1.1035e-011	7.6795e-014	3.5293e-013	5.2703e-014	1.0130e-005	
"26.06.2024 14:20:17.729"	1.3599e-010	-8.5883e-014	1.1304e-011	7.4953e-014	3.3644e-013	4.6858e-014	1.0130e-005	
"26.06.2024 14:20:18.012"	1.3850e-010	-8.2760e-014	1.1267e-011	7.8217e-014	3.3196e-013	4.6618e-014	1.0130e-005	
"26.06.2024 14:20:18.296"	1.4011e-010	-8.7372e-014	1.1047e-011	7.7340e-014	3.4049e-013	4.8330e-014	1.0143e-005	
"26.06.2024 14:20:18.579"	1.3620e-010	-8.3098e-014	1.1268e-011	7.5103e-014	3.2014e-013	4.2954e-014	1.0143e-005	
"26.06.2024 14:20:18.863"	1.3840e-010	-8.6714e-014	1.1297e-011	7.8569e-014	3.1810e-013	4.2386e-014	1.0143e-005	
"26.06.2024 14:20:19.146"	1.4002e-010	-8.7290e-014	1.1074e-011	7.5804e-014	3.2244e-013	4.3947e-014	1.0143e-005	
"26.06.2024 14:20:19.430"	1.3605e-010	-8.4539e-014	1.1293e-011	7.5115e-014	3.0587e-013	3.9742e-014	1.0151e-005	
"26.06.2024 14:20:19.713"	1.3821e-010	-8.4294e-014	1.1300e-011	7.9538e-014	3.0650e-013	3.9629e-014	1.0151e-005	
"26.06.2024 14:20:19.996"	1.3992e-010	-8.5882e-014	1.1037e-011	7.7587e-014	3.1480e-013	4.1352e-014	1.0151e-005	
"26.06.2024 14:20:20.280"	1.3615e-010	-8.5057e-014	1.1301e-011	7.4988e-014	3.0224e-013	3.7087e-014	1.0169e-005	
"26.06.2024 14:20:20.563"	1.3811e-010	-8.4565e-014	1.1377e-011	7.6726e-014	2.9467e-013	3.6689e-014	1.0169e-005	
"26.06.2024 14:20:20.847"	1.3970e-010	-8.7356e-014	1.0963e-011	7.7610e-014	3.0132e-013	3.8054e-014	1.0169e-005	
"26.06.2024 14:20:21.131"	1.3624e-010	-8.5804e-014	1.1272e-011	7.5468e-014	2.9372e-013	3.6116e-014	1.0169e-005	
"26.06.2024 14:20:21.414"	1.3830e-010	-8.7202e-014	1.1425e-011	7.7781e-014	2.8782e-013	3.5244e-014	1.0167e-005	
"26.06.2024 14:20:21.697"	1.3962e-010	-8.6378e-014	1.0985e-011	7.6324e-014	2.9441e-013	3.5380e-014	1.0167e-005	
"26.06.2024 14:20:21.981"	1.3610e-010	-8.9373e-014	1.1230e-011	7.6133e-014	2.8582e-013	3.3804e-014	1.0167e-005	
"26.06.2024 14:20:22.264"	1.3820e-010	-8.7433e-014	1.1438e-011	7.5717e-014	2.8103e-013	3.3170e-014	1.0167e-005	
"26.06.2024 14:20:22.547"	1.3979e-010	-8.8005e-014	1.0980e-011	7.6225e-014	2.8030e-013	3.3859e-014	1.0177e-005	
"26.06.2024 14:20:22.831"	1.3639e-010	-8.6585e-014	1.1264e-011	7.5508e-014	2.7998e-013	3.2724e-014	1.0177e-005	
"26.06.2024 14:20:23.114"	1.3793e-010	-8.5618e-014	1.1476e-011	7.5941e-014	2.7103e-013	3.1241e-014	1.0177e-005	
"26.06.2024 14:20:23.398"	1.3961e-010	-8.6950e-014	1.0974e-011	7.5870e-014	2.7916e-013	3.3202e-014	1.0177e-005	
"26.06.2024 14:20:23.681"	1.3684e-010	-8.4594e-014	1.1224e-011	7.4360e-014	2.7175e-013	3.1332e-014	1.0179e-005	
"26.06.2024 14:20:23.965"	1.3789e-010	-8.7807e-014	1.1420e-011	7.4720e-014	2.6325e-013	3.0360e-014	1.0179e-005	
"26.06.2024 14:20:24.248"	1.3953e-010	-8.7121e-014	1.0952e-011	7.6194e-014	2.7369e-013	3.1932e-014	1.0179e-005	
"26.06.2024 14:20:24.531"	1.3727e-010	-8.7551e-014	1.1267e-011	7.4220e-014	2.6712e-013	3.0266e-014	1.0179e-005	
"26.06.2024 14:20:24.815"	1.3769e-010	-8.4787e-014	1.1432e-011	7.3399e-014	2.5754e-013	2.8808e-014	1.0182e-005	
"26.06.2024 14:20:25.098"	1.3952e-010	-8.6124e-014	1.0906e-011	7.5924e-014	2.6743e-013	3.0295e-014	1.0182e-005	
"26.06.2024 14:20:25.384"	1.3717e-010	-8.6398e-014	1.1239e-011	7.5463e-014	2.6288e-013	2.9310e-014	1.0182e-005	
"26.06.2024 14:20:25.667"	1.3757e-010	-8.8146e-014	1.1420e-011	7.4149e-014	2.5051e-013	2.8190e-014	1.0182e-005	
"26.06.2024 14:20:25.951"	1.3939e-010	-8.7360e-014	1.0891e-011	7.6187e-014	2.6100e-013	2.9534e-014	1.0185e-005	
"26.06.2024 14:20:26.235"	1.3758e-010	-8.5135e-014	1.1223e-011	7.5466e-014	2.6084e-013	2.8975e-014	1.0185e-005	
"26.06.2024 14:20:26.518"	1.3800e-010	-8.8388e-014	1.1489e-011	7.4147e-014	2.4952e-013	2.7465e-014	1.0185e-005	
"26.06.2024 14:20:26.802"	1.3923e-010	-8.7458e-014	1.0837e-011	7.7341e-014	2.5475e-013	2.8544e-014	1.0185e-005	
"26.06.2024 14:20:27.085"	1.3819e-010	-8.3572e-014	1.1185e-011	7.4406e-014	2.5853e-013	2.8582e-014	1.0179e-005	
"26.06.2024 14:20:27.369"	1.3777e-010	-8.5272e-014	1.1438e-011	7.3387e-014	2.4865e-013	2.6993e-014	1.0179e-005	
"26.06.2024 14:20:27.652"	1.3938e-010	-9.0361e-014	1.0888e-011	7.8631e-014	2.5211e-013	2.7170e-014	1.0179e-005	
"26.06.2024 14:20:27.936"	1.3848e-010	-8.4772e-014	1.1188e-011	7.4213e-014	2.5099e-013	2.7130e-014	1.0188e-005	
"26.06.2024 14:20:28.219"	1.3767e-010	-8.2897e-014	1.1447e-011	7.3012e-014	2.4355e-013	2.6021e-014	1.0188e-005	
"26.06.2024 14:20:28.503"	1.3944e-010	-8.3238e-014	1.0851e-011	7.7666e-014	2.4293e-013	2.6728e-014	1.0188e-005	
"26.06.2024 14:20:28.787"	1.3878e-010	-8.6148e-014	1.1155e-011	7.4284e-014	2.4684e-013	2.6568e-014	1.0188e-005	
"26.06.2024 14:20:29.070"	1.3736e-010	-9.0265e-014	1.1391e-011	7.4840e-014	2.3182e-013	2.5107e-014	1.0190e-005	
"26.06.2024 14:20:29.354"	1.3913e-010	-8.7422e-014	1.0868e-011	7.7808e-014	2.4063e-013	2.6199e-014	1.0190e-005	
"26.06.2024 14:20:29.637"	1.3924e-010	-8.6249e-014	1.1245e-011	7.5631e-014	2.4106e-013	2.5834e-014	1.0190e-005	
"26.06.2024 14:20:29.921"	1.3741e-010	-8.4444e-014	1.1435e-011	7.3094e-014	2.3431e-013	2.3688e-014	1.0190e-005	
"26.06.2024 14:20:30.206"	1.3901e-010	-8.5462e-014	1.0829e-011	7.6506e-014	2.3843e-013	2.5114e-014	1.0196e-005	
"26.06.2024 14:20:30.489"	1.3926e-010	-8.4744e-014	1.1198e-011	7.4066e-014	2.4445e-013	2.5710e-014	1.0196e-005	
"26.06.2024 14:20:30.773"	1.3756e-010	-8.7339e-014	1.1433e-011	7.3767e-014	2.3241e-013	2.3713e-014	1.0196e-005	
"26.06.2024 14:20:31.056"	1.3889e-010	-8.5973e-014	1.0830e-011	7.8276e-014	2.2966e-013	2.3761e-014	1.0196e-005	
"26.06.2024 14:20:31.339"	1.3979e-010	-8.5711e-014	1.1092e-011	7.6679e-014	2.3852e-013	2.5047e-014	1.0196e-005	
"26.06.2024 14:20:31.623"	1.3711e-010	-8.6901e-014	1.1367e-011	7.5459e-014	2.2408e-013	2.2708e-014	1.0196e-005	
"26.06.2024 14:20:31.906"	1.3907e-010	-8.5104e-014	1.0948e-011	7.8781e-014	2.2692e-013	2.3739e-014	1.0196e-005	
"26.06.2024 14:20:32.190"	1.4004e-010	-9.0261e-014	1.1130e-011	7.5442e-014	2.3370e-013	2.4661e-014	1.0196e-005	
"26.06.2024 14:20:32.473"	1.3686e-010	-8.8708e-014	1.1385e-011	7.4123e-014	2.2273e-013	2.2626e-014	1.0189e-005	
"26.06.2024 14:20:32.757"	1.3895e-010	-8.6827e-014	1.0973e-011	7.7908e-014	2.2058e-013	2.3345e-014	1.0189e-005	
"26.06.2024 14:20:33.040"	1.4033e-010	-8.5817e-014	1.1145e-011	7.4070e-014	2.3331e-013	2.4587e-014	1.0189e-005	
"26.06.2024 14:20:33.323"	1.3669e-010	-8.5587e-014	1.1332e-011	7.4225e-014	2.1558e-013	2.1674e-014	1.0189e-005	
"26.06.2024 14:20:33.607"	1.3866e-010	-8.4404e-014	1.1077e-011	7.8910e-014	2.2306e-013	2.2565e-014	1.0202e-005	
"26.06.2024 14:20:33.890"	1.4037e-010	-8.3771e-014	1.1134e-011	7.7118e-014	2.2680e-013	2.3971e-014	1.0202e-005	
"26.06.2024 14:20:34.174"	1.3676e-010	-8.6267e-014	1.1346e-011	7.5757e-014	2.0894e-013	2.1921e-014	1.0202e-005	
"26.06.2024 14:20:34.458"	1.3884e-010	-8.6926e-014	1.1083e-011	7.8345e-014	2.2022e-013	2.2270e-014	1.0211e-005	
"26.06.2024 14:20:34.741"	1.4037e-010	-8.3782e-014	1.1105e-011	7.5339e-014	2.2533e-013	2.3145e-014	1.0211e-005	
"26.06.2024 14:20:35.024"	1.3657e-010	-8.9494e-014	1.1322e-011	7.3737e-014	2.1347e-013	2.1204e-014	1.0211e-005	
"26.06.2024 14:20:35.308"	1.3841e-010	-8.6761e-014	1.1205e-011	7.7298e-014	2.1715e-013	2.1958e-014	1.0211e-005	
"26.06.2024 14:20:35.591"	1.4022e-010	-8.2694e-014	1.1149e-011	7.4514e-014	2.2566e-013	2.2626e-014	1.0211e-005	
"26.06.2024 14:20:35.875"	1.3655e-010	-8.5138e-014	1.1346e-011	7.4158e-014	2.1278e-013	2.0193e-014	1.0211e-005	
"26.06.2024 14:20:36.158"	1.3887e-010	-8.5158e-014	1.1204e-011	8.0095e-014	2.1277e-013	2.1377e-014	1.0211e-005	
"26.06.2024 14:20:36.442"	1.4003e-010	-8.6155e-014	1.1021e-011	7.6356e-014	2.1972e-013	2.2022e-014	1.0211e-005	
"26.06.2024 14:20:36.725"	1.3623e-010	-8.5725e-014	1.1295e-011	7.5647e-014	2.0961e-013	2.0477e-014	1.0224e-005	
"26.06.2024 14:20:37.008"	1.3863e-010	-8.8665e-014	1.1325e-011	7.7070e-014	2.0729e-013	2.1020e-014	1.0224e-005	
"26.06.2024 14:20:37.292"	1.4019e-010	-8.7296e-014	1.1072e-011	7.6253e-014	2.1346e-013	2.1778e-014	1.0224e-005	
"26.06.2024 14:20:37.575"	1.3623e-010	-8.4602e-014	1.1268e-011	7.3015e-014	2.1079e-013	2.0270e-014	1.0224e-005	
"26.06.2024 14:20:37.858"	1.3855e-010	-8.3725e-014	1.1356e-011	7.8026e-014	2.1044e-013	2.0725e-014	1.0225e-005	
"26.06.2024 14:20:38.142"	1.4015e-010	-8.6991e-014	1.1032e-011	7.5131e-014	2.1280e-013	2.1279e-014	1.0225e-005	
"26.06.2024 14:20:38.425"	1.3612e-010	-8.7153e-014	1.1275e-011	7.4398e-014	2.0766e-013	1.9918e-014	1.0225e-005	
"26.06.2024 14:20:38.709"	1.3828e-010	-8.6543e-014	1.1433e-011	7.8128e-014	2.0532e-013	2.0466e-014	1.0225e-005	
"26.06.2024 14:20:38.993"	1.4003e-010	-8.4667e-014	1.1034e-011	7.6182e-014	2.1109e-013	2.0946e-014	1.0214e-005	
"26.06.2024 14:20:39.276"	1.3638e-010	-8.5243e-014	1.1305e-011	7.5136e-014	2.0491e-013	1.9456e-014	1.0214e-005	
"26.06.2024 14:20:39.560"	1.3812e-010	-8.7633e-014	1.1438e-011	7.6669e-014	2.0015e-013	1.9682e-014	1.0214e-005	
"26.06.2024 14:20:39.843"	1.3976e-010	-9.0805e-014	1.0972e-011	7.6845e-014	2.0505e-013	2.0616e-014	1.0214e-005	
"26.06.2024 14:20:40.126"	1.3625e-010	-8.4907e-014	1.1310e-011	7.3915e-014	2.0057e-013	1.8755e-014	1.0216e-005	
"26.06.2024 14:20:40.411"	1.3848e-010	-8.9307e-014	1.1482e-011	7.5468e-014	2.0204e-013	1.9612e-014	1.0216e-005	
"26.06.2024 14:20:40.695"	1.3977e-010	-8.6336e-014	1.0978e-011	7.6406e-014	2.0423e-013	2.0465e-014	1.0216e-005	
"26.06.2024 14:20:40.978"	1.3626e-010	-8.4903e-014	1.1284e-011	7.3353e-014	2.0276e-013	1.9145e-014	1.0222e-005	
"26.06.2024 14:20:41.263"	1.3839e-010	-8.4871e-014	1.1456e-011	7.6777e-014	1.9633e-013	1.9231e-014	1.0222e-005	
"26.06.2024 14:20:41.546"	1.3995e-010	-8.5279e-014	1.1033e-011	7.5649e-014	2.0033e-013	1.9647e-014	1.0222e-005	
"26.06.2024 14:20:41.829"	1.3637e-010	-8.8259e-014	1.1252e-011	7.4313e-014	1.9053e-013	1.8773e-014	1.0222e-005	
"26.06.2024 14:20:42.113"	1.3835e-010	-8.6723e-014	1.1439e-011	7.6123e-014	1.9225e-013	1.9305e-014	1.0223e-005	
"26.06.2024 14:20:42.396"	1.4000e-010	-8.8450e-014	1.1001e-011	7.5753e-014	1.9881e-013	1.9704e-014	1.0223e-005	
"26.06.2024 14:20:42.680"	1.3655e-010	-8.4651e-014	1.1257e-011	7.4778e-014	1.9549e-013	1.8699e-014	1.0223e-005	
"26.06.2024 14:20:42.963"	1.3812e-010	-8.8599e-014	1.1463e-011	7.3482e-014	1.9142e-013	1.8398e-014	1.0223e-005	
"26.06.2024 14:20:43.247"	1.3976e-010	-8.3820e-014	1.1038e-011	7.6306e-014	1.9561e-013	1.8973e-014	1.0225e-005	
"26.06.2024 14:20:43.532"	1.3653e-010	-8.6206e-014	1.1268e-011	7.5044e-014	1.9599e-013	1.8594e-014	1.0225e-005	
"26.06.2024 14:20:43.816"	1.3806e-010	-8.5130e-014	1.1449e-011	7.5231e-014	1.8781e-013	1.7861e-014	1.0225e-005	
"26.06.2024 14:20:44.099"	1.3987e-010	-8.7414e-014	1.0974e-011	7.8254e-014	1.9393e-013	1.9174e-014	1.0225e-005	
"26.06.2024 14:20:44.382"	1.3671e-010	-8.6674e-014	1.1238e-011	7.4545e-014	1.8988e-013	1.8407e-014	1.0220e-005	
"26.06.2024 14:20:44.666"	1.3809e-010	-8.6174e-014	1.1471e-011	7.3290e-014	1.8592e-013	1.8283e-014	1.0220e-005	
"26.06.2024 14:20:44.949"	1.3979e-010	-8.5979e-014	1.0993e-011	7.4922e-014	1.8827e-013	1.8371e-014	1.0220e-005	
"26.06.2024 14:20:45.234"	1.3663e-010	-8.7498e-014	1.1287e-011	7.4013e-014	1.8793e-013	1.8041e-014	1.0220e-005	
